S	14000	LCG_TICK	lcg=717ef20b
S	14000	TICK	sync_frame=14000	current_frame=14000	lcg=717ef20b	n=37,5,19,5,5,10,0,0,173	h0=feb5c619	h1=930c8de1	h2=d181b8ed	h3=b996385e	h4=0c416bc6	h5=6b22c504	h6=811c9dc5	h7=811c9dc5	hN=c117ead0	vcs=13999,13999,13999,13999,13999,13999,-,-
S	14001	LCG_TICK	lcg=f1c582d7
S	14001	TICK	sync_frame=14001	current_frame=14001	lcg=f1c582d7	n=37,5,19,5,5,10,0,0,173	h0=5a641a61	h1=e743b0db	h2=8c6b1e51	h3=1e507bfa	h4=b34496cf	h5=bae7cc4f	h6=811c9dc5	h7=811c9dc5	hN=c117ead0	vcs=14000,14000,14000,14000,14000,14000,-,-
S	14002	LCG_TICK	lcg=8ba8a1e3
S	14002	TICK	sync_frame=14002	current_frame=14002	lcg=8ba8a1e3	n=37,5,19,5,5,10,0,0,173	h0=d7bfb90c	h1=4449b388	h2=d96dca02	h3=b5feba6a	h4=f40ddf3d	h5=a323e30a	h6=811c9dc5	h7=811c9dc5	hN=c117ead0	vcs=14001,14001,14001,14001,14001,14001,-,-
S	14003	LCG_TICK	lcg=2a318c36
S	14003	TICK	sync_frame=14003	current_frame=14003	lcg=2a318c36	n=37,5,19,5,5,10,0,0,173	h0=bd6673b9	h1=18a6ab50	h2=0c3d7857	h3=ad522fae	h4=be101866	h5=44479c0c	h6=811c9dc5	h7=811c9dc5	hN=c117ead0	vcs=14002,14002,14002,14002,14002,14002,-,-
S	14004	LCG_TICK	lcg=fbd1e8ed
S	14004	TICK	sync_frame=14004	current_frame=14004	lcg=fbd1e8ed	n=37,5,19,5,5,10,0,0,173	h0=f9a6afe8	h1=d92e6745	h2=9f898745	h3=949d42e7	h4=892bfc46	h5=f71954fc	h6=811c9dc5	h7=811c9dc5	hN=c117ead0	vcs=14003,14003,14003,14003,14003,14003,-,-
S	14005	LCG_TICK	lcg=e7bf6f12
S	14005	TICK	sync_frame=14005	current_frame=14005	lcg=e7bf6f12	n=37,5,19,5,5,10,0,0,173	h0=59d3e3b0	h1=6d0983ea	h2=c34e1ab2	h3=60069155	h4=dcccfe62	h5=0fe0416f	h6=811c9dc5	h7=811c9dc5	hN=c117ead0	vcs=14004,14004,14004,14004,14004,14004,-,-
S	14006	LCG_TICK	lcg=02ad62b8
S	14006	TICK	sync_frame=14006	current_frame=14006	lcg=02ad62b8	n=37,5,19,5,5,10,0,0,173	h0=c9f14c09	h1=7391a9bf	h2=e07a6db5	h3=5465b1ce	h4=13baac32	h5=57369c58	h6=811c9dc5	h7=811c9dc5	hN=c117ead0	vcs=14005,14005,14005,14005,14005,14005,-,-
S	14007	LCG_TICK	lcg=60284c87
S	14007	TICK	sync_frame=14007	current_frame=14007	lcg=60284c87	n=37,5,19,5,5,10,0,0,173	h0=af39a8c9	h1=b5738801	h2=cf03fae6	h3=2fc0f6ce	h4=07214df6	h5=fce94e68	h6=811c9dc5	h7=811c9dc5	hN=c117ead0	vcs=14006,14006,14006,14006,14006,14006,-,-
S	14008	LCG_TICK	lcg=005a1785
S	14008	TICK	sync_frame=14008	current_frame=14008	lcg=005a1785	n=37,5,19,5,5,10,0,0,173	h0=7839f8b6	h1=ab75ab67	h2=4bd59795	h3=66c998aa	h4=83275b86	h5=cc091ec0	h6=811c9dc5	h7=811c9dc5	hN=c117ead0	vcs=14007,14007,14007,14007,14007,14007,-,-
S	14009	LCG_TICK	lcg=3ea33b31
S	14009	TICK	sync_frame=14009	current_frame=14009	lcg=3ea33b31	n=37,5,19,5,5,10,0,0,173	h0=bb28d5d0	h1=4e7bc38d	h2=6db29f62	h3=58d1f6ba	h4=5857d96a	h5=920675ea	h6=811c9dc5	h7=811c9dc5	hN=c117ead0	vcs=14008,14008,14008,14008,14008,14008,-,-
S	14010	LCG_TICK	lcg=1eecee2c
S	14010	TICK	sync_frame=14010	current_frame=14010	lcg=1eecee2c	n=37,5,19,5,5,10,0,0,173	h0=d30ec532	h1=515ac927	h2=b3beebaa	h3=9de4483e	h4=98b7077a	h5=4de1575d	h6=811c9dc5	h7=811c9dc5	hN=c117ead0	vcs=14009,14009,14009,14009,14009,14009,-,-
S	14011	LCG_TICK	lcg=7f16b71d
S	14011	TICK	sync_frame=14011	current_frame=14011	lcg=7f16b71d	n=37,5,19,5,5,10,0,0,173	h0=03de9c92	h1=4ae66f41	h2=b23ca8a0	h3=3c9fd60e	h4=037332b6	h5=301bb555	h6=811c9dc5	h7=811c9dc5	hN=c117ead0	vcs=14010,14010,14010,14010,14010,14010,-,-
S	14012	LCG_TICK	lcg=62049749
S	14012	TICK	sync_frame=14012	current_frame=14012	lcg=62049749	n=37,5,19,5,5,10,0,0,173	h0=02997544	h1=8cae858f	h2=e54facf1	h3=b363b12b	h4=a216e43f	h5=6e1c124d	h6=811c9dc5	h7=811c9dc5	hN=c117ead0	vcs=14011,14011,14011,14011,14011,14011,-,-
S	14013	LCG_TICK	lcg=49a727b5
S	14013	TICK	sync_frame=14013	current_frame=14013	lcg=49a727b5	n=37,5,19,5,5,10,0,0,173	h0=d4ed1462	h1=cae15b38	h2=63091c02	h3=d6196928	h4=49d187c8	h5=20aa321d	h6=811c9dc5	h7=811c9dc5	hN=c117ead0	vcs=14012,14012,14012,14012,14012,14012,-,-
S	14013	AGENT_SCHED_LOCAL	slot=2	vc_frame=14013	target_frame=14015	n_bytes=4	bytes=09,01,a5,0d
S	14013	AGENT_SCHED_SEND	slot=2	server_frame=14013	n_bytes=4	bytes=09,01,a5,0d
S	14013	AGENT_SCHED_LOCAL	slot=2	vc_frame=14013	target_frame=14015	n_bytes=11	bytes=15,80,00,80,00,00,00,e4..
S	14013	AGENT_SCHED_SEND	slot=2	server_frame=14013	n_bytes=11	bytes=15,80,00,80,00,00,00,e4..
S	14013	AGENT_SCHED_LOCAL	slot=2	vc_frame=14013	target_frame=14015	n_bytes=4	bytes=09,01,a2,0d
S	14013	AGENT_SCHED_SEND	slot=2	server_frame=14013	n_bytes=4	bytes=09,01,a2,0d
S	14013	AGENT_SCHED_LOCAL	slot=2	vc_frame=14013	target_frame=14015	n_bytes=11	bytes=15,00,00,00,00,58,0e,e4..
S	14013	AGENT_SCHED_SEND	slot=2	server_frame=14013	n_bytes=11	bytes=15,00,00,00,00,58,0e,e4..
S	14014	LCG_TICK	lcg=cb8ebb43
S	14014	TICK	sync_frame=14014	current_frame=14014	lcg=cb8ebb43	n=37,5,19,5,5,10,0,0,173	h0=b40a01ec	h1=cfdb4121	h2=4615bd08	h3=e3147cd8	h4=c4c742ec	h5=b576673e	h6=811c9dc5	h7=811c9dc5	hN=c117ead0	vcs=14013,14013,14013,14013,14013,14013,-,-
S	14015	AGENT_APPLY	slot=2	sim_frame=14014	target_frame=14015	vc_frame=14014	lcg=cb8ebb43	n_bytes=4	bytes=09,01,a5,0d
S	14015	AGENT_APPLY	slot=2	sim_frame=14014	target_frame=14015	vc_frame=14014	lcg=cb8ebb43	n_bytes=11	bytes=15,80,00,80,00,00,00,e4..
S	14015	AGENT_APPLY	slot=2	sim_frame=14014	target_frame=14015	vc_frame=14014	lcg=cb8ebb43	n_bytes=4	bytes=09,01,a2,0d
S	14015	AGENT_APPLY	slot=2	sim_frame=14014	target_frame=14015	vc_frame=14014	lcg=cb8ebb43	n_bytes=11	bytes=15,00,00,00,00,58,0e,e4..
S	14015	LCG_TICK	lcg=5c282616
S	14015	TICK	sync_frame=14015	current_frame=14015	lcg=5c282616	n=37,5,19,5,5,10,0,0,173	h0=6f25e994	h1=1a9a619b	h2=2bad2c64	h3=4c8cc7dd	h4=63eaf5f0	h5=52535b58	h6=811c9dc5	h7=811c9dc5	hN=c117ead0	vcs=14014,14014,14014,14014,14014,14014,-,-
S	14016	LCG_TICK	lcg=c9a6968f
S	14016	TICK	sync_frame=14016	current_frame=14016	lcg=c9a6968f	n=37,5,19,5,5,10,0,0,173	h0=ae2d5793	h1=fec8564d	h2=a68c1159	h3=8c5e8352	h4=684668ac	h5=6414e961	h6=811c9dc5	h7=811c9dc5	hN=c117ead0	vcs=14015,14015,14015,14015,14015,14015,-,-
S	14017	LCG_TICK	lcg=fea2bd9c
S	14017	TICK	sync_frame=14017	current_frame=14017	lcg=fea2bd9c	n=37,5,19,5,5,10,0,0,173	h0=a5c4ee94	h1=d16d853b	h2=27041c89	h3=1ef1c06e	h4=414cc575	h5=4d081ecd	h6=811c9dc5	h7=811c9dc5	hN=c117ead0	vcs=14016,14016,14016,14016,14016,14016,-,-
S	14018	LCG_TICK	lcg=6ea3f81b
S	14018	TICK	sync_frame=14018	current_frame=14018	lcg=6ea3f81b	n=37,5,19,5,5,10,0,0,173	h0=3c7cd60b	h1=930c8de1	h2=afb76550	h3=b996385e	h4=0c416bc6	h5=933b653a	h6=811c9dc5	h7=811c9dc5	hN=c117ead0	vcs=14017,14017,14017,14017,14017,14017,-,-
S	14019	LCG_TICK	lcg=dd67b279
S	14019	TICK	sync_frame=14019	current_frame=14019	lcg=dd67b279	n=37,5,19,5,5,10,0,0,173	h0=673e0913	h1=e743b0db	h2=b3c2ef14	h3=1e507bfa	h4=b34496cf	h5=baaae862	h6=811c9dc5	h7=811c9dc5	hN=c117ead0	vcs=14018,14018,14018,14018,14018,14018,-,-
S	14020	LCG_TICK	lcg=7179ec6a
S	14020	TICK	sync_frame=14020	current_frame=14020	lcg=7179ec6a	n=37,5,20,5,5,10,0,0,173	h0=97afccb9	h1=4449b388	h2=fcbcfa66	h3=b5feba6a	h4=f40ddf3d	h5=fa6c5245	h6=811c9dc5	h7=811c9dc5	hN=c117ead0	vcs=14019,14019,14019,14019,14019,14019,-,-
S	14021	LCG_TICK	lcg=39b13a3f
S	14021	TICK	sync_frame=14021	current_frame=14021	lcg=39b13a3f	n=37,5,20,5,5,10,0,0,173	h0=1a9a2a4b	h1=18a6ab50	h2=9f67780d	h3=ad522fae	h4=be101866	h5=f24af1ee	h6=811c9dc5	h7=811c9dc5	hN=c117ead0	vcs=14020,14020,14020,14020,14020,14020,-,-
S	14022	LCG_TICK	lcg=aa96410c
S	14022	TICK	sync_frame=14022	current_frame=14022	lcg=aa96410c	n=37,5,20,5,5,10,0,0,173	h0=85faa0ba	h1=d92e6745	h2=724c950d	h3=949d42e7	h4=892bfc46	h5=1df8c447	h6=811c9dc5	h7=811c9dc5	hN=c117ead0	vcs=14021,14021,14021,14021,14021,14021,-,-
S	14023	LCG_TICK	lcg=41b9e008
S	14023	TICK	sync_frame=14023	current_frame=14023	lcg=41b9e008	n=37,5,20,5,5,10,0,0,173	h0=118bf624	h1=6d0983ea	h2=513a9796	h3=60069155	h4=dcccfe62	h5=c207fd3f	h6=811c9dc5	h7=811c9dc5	hN=c117ead0	vcs=14022,14022,14022,14022,14022,14022,-,-
S	14024	LCG_TICK	lcg=91220197
S	14024	TICK	sync_frame=14024	current_frame=14024	lcg=91220197	n=37,5,20,5,5,10,0,0,173	h0=f200a8ef	h1=7391a9bf	h2=67caf21d	h3=5465b1ce	h4=13baac32	h5=5ecac001	h6=811c9dc5	h7=811c9dc5	hN=c117ead0	vcs=14023,14023,14023,14023,14023,14023,-,-
S	14025	LCG_TICK	lcg=8e9c5644
S	14025	TICK	sync_frame=14025	current_frame=14025	lcg=8e9c5644	n=37,5,19,5,5,10,0,0,173	h0=0ffd381d	h1=b5738801	h2=5634b187	h3=2fc0f6ce	h4=07214df6	h5=9da20152	h6=811c9dc5	h7=811c9dc5	hN=c117ead0	vcs=14024,14024,14024,14024,14024,14024,-,-
S	14026	LCG_TICK	lcg=73050e5a
S	14026	TICK	sync_frame=14026	current_frame=14026	lcg=73050e5a	n=37,5,19,5,5,10,0,0,173	h0=3b459a3e	h1=ab75ab67	h2=d2821fc8	h3=66c998aa	h4=83275b86	h5=2af04916	h6=811c9dc5	h7=811c9dc5	hN=c117ead0	vcs=14025,14025,14025,14025,14025,14025,-,-
S	14027	LCG_TICK	lcg=73050e5a
S	14027	TICK	sync_frame=14027	current_frame=14027	lcg=73050e5a	n=37,5,19,5,5,10,0,0,173	h0=a6f97daf	h1=4e7bc38d	h2=e90faa64	h3=58d1f6ba	h4=5857d96a	h5=d70869bd	h6=811c9dc5	h7=811c9dc5	hN=c117ead0	vcs=14026,14026,14026,14026,14026,14026,-,-
S	14028	LCG_TICK	lcg=c00f64a3
S	14028	TICK	sync_frame=14028	current_frame=14028	lcg=c00f64a3	n=37,5,19,5,5,10,0,0,173	h0=5952c63f	h1=515ac927	h2=29b8e05e	h3=9de4483e	h4=98b7077a	h5=e008f204	h6=811c9dc5	h7=811c9dc5	hN=c117ead0	vcs=14027,14027,14027,14027,14027,14027,-,-
S	14029	LCG_TICK	lcg=5ab00ff6
S	14029	TICK	sync_frame=14029	current_frame=14029	lcg=5ab00ff6	n=37,5,19,5,5,10,0,0,173	h0=7cc66f11	h1=4ae66f41	h2=f93bd49b	h3=3c9fd60e	h4=037332b6	h5=71c3dd6c	h6=811c9dc5	h7=811c9dc5	hN=c117ead0	vcs=14028,14028,14028,14028,14028,14028,-,-
S	14030	LCG_TICK	lcg=5984b9ad
S	14030	TICK	sync_frame=14030	current_frame=14030	lcg=5984b9ad	n=37,5,19,5,5,10,0,0,173	h0=4ff96d0d	h1=8cae858f	h2=ab523cde	h3=b363b12b	h4=a216e43f	h5=0e07ef27	h6=811c9dc5	h7=811c9dc5	hN=c117ead0	vcs=14029,14029,14029,14029,14029,14029,-,-
S	14031	LCG_TICK	lcg=ecdf26d2
S	14031	TICK	sync_frame=14031	current_frame=14031	lcg=ecdf26d2	n=37,5,19,5,5,10,0,0,173	h0=6b5d8807	h1=cae15b38	h2=ddd31bae	h3=d6196928	h4=49d187c8	h5=bc7e6bd4	h6=811c9dc5	h7=811c9dc5	hN=c117ead0	vcs=14030,14030,14030,14030,14030,14030,-,-
S	14032	LCG_TICK	lcg=9c419c78
S	14032	TICK	sync_frame=14032	current_frame=14032	lcg=9c419c78	n=37,5,19,5,5,10,0,0,173	h0=8152c73e	h1=cfdb4121	h2=4e3ec427	h3=e3147cd8	h4=c4c742ec	h5=71d196b6	h6=811c9dc5	h7=811c9dc5	hN=c117ead0	vcs=14031,14031,14031,14031,14031,14031,-,-
S	14033	LCG_TICK	lcg=d171f4d9
S	14033	TICK	sync_frame=14033	current_frame=14033	lcg=d171f4d9	n=37,5,19,5,5,10,0,0,173	h0=2d441e44	h1=1a9a619b	h2=d43228b9	h3=4c8cc7dd	h4=63eaf5f0	h5=34d9bfb2	h6=811c9dc5	h7=811c9dc5	hN=c117ead0	vcs=14032,14032,14032,14032,14032,14032,-,-
S	14034	LCG_TICK	lcg=6a7a87b4
S	14034	TICK	sync_frame=14034	current_frame=14034	lcg=6a7a87b4	n=37,5,19,5,5,10,0,0,173	h0=9307ac7d	h1=fec8564d	h2=a62f7f2b	h3=8c5e8352	h4=684668ac	h5=9482bcf4	h6=811c9dc5	h7=811c9dc5	hN=c117ead0	vcs=14033,14033,14033,14033,14033,14033,-,-
S	14035	LCG_TICK	lcg=11e81630
S	14035	TICK	sync_frame=14035	current_frame=14035	lcg=11e81630	n=37,5,19,5,5,10,0,0,173	h0=3c6abc04	h1=d16d853b	h2=10303232	h3=1ef1c06e	h4=414cc575	h5=4df61263	h6=811c9dc5	h7=811c9dc5	hN=c117ead0	vcs=14034,14034,14034,14034,14034,14034,-,-
S	14036	LCG_TICK	lcg=f6f263ec
S	14036	TICK	sync_frame=14036	current_frame=14036	lcg=f6f263ec	n=38,5,19,5,5,10,0,0,173	h0=fa8cb85c	h1=930c8de1	h2=30cd873c	h3=b996385e	h4=0c416bc6	h5=c441cfcc	h6=811c9dc5	h7=811c9dc5	hN=c117ead0	vcs=14035,14035,14035,14035,14035,14035,-,-
S	14037	LCG_TICK	lcg=f6f263ec
S	14037	TICK	sync_frame=14037	current_frame=14037	lcg=f6f263ec	n=37,5,19,5,5,10,0,0,173	h0=b0cb0e6f	h1=e743b0db	h2=3d511a1a	h3=1e507bfa	h4=b34496cf	h5=b204d51b	h6=811c9dc5	h7=811c9dc5	hN=c117ead0	vcs=14036,14036,14036,14036,14036,14036,-,-
S	14038	LCG_TICK	lcg=984ecce8
S	14038	TICK	sync_frame=14038	current_frame=14038	lcg=984ecce8	n=37,5,19,5,5,10,0,0,173	h0=1e28f574	h1=4449b388	h2=c50c771d	h3=b5feba6a	h4=f40ddf3d	h5=f5f2b899	h6=811c9dc5	h7=811c9dc5	hN=c117ead0	vcs=14037,14037,14037,14037,14037,14037,-,-
S	14039	LCG_TICK	lcg=32fbed24
S	14039	TICK	sync_frame=14039	current_frame=14039	lcg=32fbed24	n=37,5,19,5,5,10,0,0,173	h0=933f2725	h1=18a6ab50	h2=26f522db	h3=ad522fae	h4=be101866	h5=f5a1e15a	h6=811c9dc5	h7=811c9dc5	hN=c117ead0	vcs=14038,14038,14038,14038,14038,14038,-,-
S	14040	LCG_TICK	lcg=d3111075
S	14040	TICK	sync_frame=14040	current_frame=14040	lcg=d3111075	n=37,5,19,5,5,10,0,0,173	h0=f9b11697	h1=d92e6745	h2=124edb56	h3=949d42e7	h4=892bfc46	h5=28a20f13	h6=811c9dc5	h7=811c9dc5	hN=c117ead0	vcs=14039,14039,14039,14039,14039,14039,-,-
S	14041	LCG_TICK	lcg=d3111075
S	14041	TICK	sync_frame=14041	current_frame=14041	lcg=d3111075	n=37,5,19,5,5,10,0,0,173	h0=6611e82b	h1=6d0983ea	h2=68cb29a0	h3=60069155	h4=dcccfe62	h5=6257e08a	h6=811c9dc5	h7=811c9dc5	hN=c117ead0	vcs=14040,14040,14040,14040,14040,14040,-,-
S	14042	LCG_TICK	lcg=a5c29e03
S	14042	TICK	sync_frame=14042	current_frame=14042	lcg=a5c29e03	n=37,5,19,5,5,10,0,0,173	h0=24e85319	h1=7391a9bf	h2=c094e3f8	h3=5465b1ce	h4=13baac32	h5=8190bc70	h6=811c9dc5	h7=811c9dc5	hN=c117ead0	vcs=14041,14041,14041,14041,14041,14041,-,-
S	14043	LCG_TICK	lcg=5b7f7d4f
S	14043	TICK	sync_frame=14043	current_frame=14043	lcg=5b7f7d4f	n=37,5,19,5,5,10,0,0,173	h0=1ba9a273	h1=b5738801	h2=58318135	h3=2fc0f6ce	h4=07214df6	h5=fdfc7b38	h6=811c9dc5	h7=811c9dc5	hN=c117ead0	vcs=14042,14042,14042,14042,14042,14042,-,-
S	14044	LCG_TICK	lcg=2659035c
S	14044	TICK	sync_frame=14044	current_frame=14044	lcg=2659035c	n=37,5,19,5,5,10,0,0,173	h0=8647492f	h1=ab75ab67	h2=26d2f96d	h3=66c998aa	h4=83275b86	h5=93827063	h6=811c9dc5	h7=811c9dc5	hN=c117ead0	vcs=14043,14043,14043,14043,14043,14043,-,-
S	14045	LCG_TICK	lcg=5f6f7ab2
S	14045	TICK	sync_frame=14045	current_frame=14045	lcg=5f6f7ab2	n=37,5,19,5,5,10,0,0,173	h0=a099496e	h1=4e7bc38d	h2=5159b018	h3=58d1f6ba	h4=5857d96a	h5=c3742ca2	h6=811c9dc5	h7=811c9dc5	hN=c117ead0	vcs=14044,14044,14044,14044,14044,14044,-,-
S	14046	LCG_TICK	lcg=d3a04739
S	14046	TICK	sync_frame=14046	current_frame=14046	lcg=d3a04739	n=37,5,19,5,5,10,0,0,173	h0=a2dd4423	h1=515ac927	h2=3fea566f	h3=9de4483e	h4=98b7077a	h5=b89cd141	h6=811c9dc5	h7=811c9dc5	hN=c117ead0	vcs=14045,14045,14045,14045,14045,14045,-,-
S	14047	LCG_TICK	lcg=e8ec1cce
S	14047	TICK	sync_frame=14047	current_frame=14047	lcg=e8ec1cce	n=37,5,19,5,5,10,0,0,173	h0=da65c92d	h1=4ae66f41	h2=3a5ff479	h3=3c9fd60e	h4=037332b6	h5=77268a07	h6=811c9dc5	h7=811c9dc5	hN=c117ead0	vcs=14046,14046,14046,14046,14046,14046,-,-
S	14048	LCG_TICK	lcg=16c04e51
S	14048	TICK	sync_frame=14048	current_frame=14048	lcg=16c04e51	n=37,5,19,5,5,10,0,0,173	h0=2e70bf06	h1=8cae858f	h2=83228a75	h3=b363b12b	h4=a216e43f	h5=f72f3bbd	h6=811c9dc5	h7=811c9dc5	hN=c117ead0	vcs=14047,14047,14047,14047,14047,14047,-,-
S	14048	AGENT_SCHED_LOCAL	slot=4	vc_frame=14048	target_frame=14050	n_bytes=4	bytes=09,01,ed,0d
S	14048	AGENT_SCHED_SEND	slot=4	server_frame=14048	n_bytes=4	bytes=09,01,ed,0d
S	14048	AGENT_SCHED_LOCAL	slot=4	vc_frame=14048	target_frame=14050	n_bytes=11	bytes=15,56,14,dc,15,00,00,e4..
S	14048	AGENT_SCHED_SEND	slot=4	server_frame=14048	n_bytes=11	bytes=15,56,14,dc,15,00,00,e4..
S	14048	AGENT_SCHED_LOCAL	slot=4	vc_frame=14048	target_frame=14050	n_bytes=4	bytes=09,01,ee,0d
S	14048	AGENT_SCHED_SEND	slot=4	server_frame=14048	n_bytes=4	bytes=09,01,ee,0d
S	14048	AGENT_SCHED_LOCAL	slot=4	vc_frame=14048	target_frame=14050	n_bytes=11	bytes=15,80,00,80,00,00,00,e4..
S	14048	AGENT_SCHED_SEND	slot=4	server_frame=14048	n_bytes=11	bytes=15,80,00,80,00,00,00,e4..
S	14048	AGENT_SCHED_LOCAL	slot=4	vc_frame=14048	target_frame=14050	n_bytes=4	bytes=09,01,ef,0d
S	14048	AGENT_SCHED_SEND	slot=4	server_frame=14048	n_bytes=4	bytes=09,01,ef,0d
S	14048	AGENT_SCHED_LOCAL	slot=4	vc_frame=14048	target_frame=14050	n_bytes=11	bytes=15,00,00,00,00,fd,0d,e4..
S	14048	AGENT_SCHED_SEND	slot=4	server_frame=14048	n_bytes=11	bytes=15,00,00,00,00,fd,0d,e4..
S	14048	AGENT_SCHED_LOCAL	slot=4	vc_frame=14048	target_frame=14050	n_bytes=4	bytes=09,01,f0,0d
S	14048	AGENT_SCHED_SEND	slot=4	server_frame=14048	n_bytes=4	bytes=09,01,f0,0d
S	14048	AGENT_SCHED_LOCAL	slot=4	vc_frame=14048	target_frame=14050	n_bytes=11	bytes=15,00,00,00,00,fd,0d,e4..
S	14048	AGENT_SCHED_SEND	slot=4	server_frame=14048	n_bytes=11	bytes=15,00,00,00,00,fd,0d,e4..
S	14049	LCG_TICK	lcg=1ff956cc
S	14049	TICK	sync_frame=14049	current_frame=14049	lcg=1ff956cc	n=37,5,19,5,5,10,0,0,173	h0=883f0313	h1=cae15b38	h2=b6980a68	h3=d6196928	h4=49d187c8	h5=a8f98a07	h6=811c9dc5	h7=811c9dc5	hN=c117ead0	vcs=14048,14048,14048,14048,14048,14048,-,-
S	14050	AGENT_APPLY	slot=4	sim_frame=14049	target_frame=14050	vc_frame=14049	lcg=1ff956cc	n_bytes=4	bytes=09,01,ed,0d
S	14050	AGENT_APPLY	slot=4	sim_frame=14049	target_frame=14050	vc_frame=14049	lcg=1ff956cc	n_bytes=11	bytes=15,56,14,dc,15,00,00,e4..
S	14050	AGENT_APPLY	slot=4	sim_frame=14049	target_frame=14050	vc_frame=14049	lcg=1ff956cc	n_bytes=4	bytes=09,01,ee,0d
S	14050	AGENT_APPLY	slot=4	sim_frame=14049	target_frame=14050	vc_frame=14049	lcg=1ff956cc	n_bytes=11	bytes=15,80,00,80,00,00,00,e4..
S	14050	AGENT_APPLY	slot=4	sim_frame=14049	target_frame=14050	vc_frame=14049	lcg=1ff956cc	n_bytes=4	bytes=09,01,ef,0d
S	14050	AGENT_APPLY	slot=4	sim_frame=14049	target_frame=14050	vc_frame=14049	lcg=1ff956cc	n_bytes=11	bytes=15,00,00,00,00,fd,0d,e4..
S	14050	AGENT_APPLY	slot=4	sim_frame=14049	target_frame=14050	vc_frame=14049	lcg=1ff956cc	n_bytes=4	bytes=09,01,f0,0d
S	14050	AGENT_APPLY	slot=4	sim_frame=14049	target_frame=14050	vc_frame=14049	lcg=1ff956cc	n_bytes=11	bytes=15,00,00,00,00,fd,0d,e4..
S	14050	LCG_TICK	lcg=1ff956cc
S	14050	TICK	sync_frame=14050	current_frame=14050	lcg=1ff956cc	n=37,5,19,5,5,10,0,0,173	h0=37c39ba6	h1=cfdb4121	h2=aea60766	h3=e3147cd8	h4=ce59e671	h5=23bd5f82	h6=811c9dc5	h7=811c9dc5	hN=c117ead0	vcs=14049,14049,14049,14049,14049,14049,-,-
S	14051	LCG_TICK	lcg=a1e842a2
S	14051	TICK	sync_frame=14051	current_frame=14051	lcg=a1e842a2	n=37,5,19,5,5,10,0,0,173	h0=2b50d020	h1=1a9a619b	h2=142ad741	h3=4c8cc7dd	h4=c45501dd	h5=9bb761f7	h6=811c9dc5	h7=811c9dc5	hN=c117ead0	vcs=14050,14050,14050,14050,14050,14050,-,-
S	14052	LCG_TICK	lcg=58207669
S	14052	TICK	sync_frame=14052	current_frame=14052	lcg=58207669	n=37,5,19,5,5,10,0,0,173	h0=ed318ae1	h1=fec8564d	h2=2d0d0cca	h3=8c5e8352	h4=e5c4aabc	h5=47958af6	h6=811c9dc5	h7=811c9dc5	hN=c117ead0	vcs=14051,14051,14051,14051,14051,14051,-,-
S	14053	LCG_TICK	lcg=56245404
S	14053	TICK	sync_frame=14053	current_frame=14053	lcg=56245404	n=37,5,19,5,5,10,0,0,173	h0=afea8de0	h1=d16d853b	h2=6a94de8b	h3=1ef1c06e	h4=cfbf107b	h5=bd9d7e52	h6=811c9dc5	h7=811c9dc5	hN=c117ead0	vcs=14052,14052,14052,14052,14052,14052,-,-
S	14054	LCG_TICK	lcg=74869cd5
S	14054	TICK	sync_frame=14054	current_frame=14054	lcg=74869cd5	n=37,5,19,5,5,10,0,0,173	h0=624b363c	h1=930c8de1	h2=b6340405	h3=b996385e	h4=eac6fda4	h5=695313e9	h6=811c9dc5	h7=811c9dc5	hN=c117ead0	vcs=14053,14053,14053,14053,14053,14053,-,-
S	14055	LCG_TICK	lcg=89a39180
S	14055	TICK	sync_frame=14055	current_frame=14055	lcg=89a39180	n=37,5,19,5,5,10,0,0,173	h0=ff6c4193	h1=e743b0db	h2=51b9086b	h3=1e507bfa	h4=2ef70156	h5=6b6de5bd	h6=811c9dc5	h7=811c9dc5	hN=c117ead0	vcs=14054,14054,14054,14054,14054,14054,-,-
S	14056	LCG_TICK	lcg=1053d3b6
S	14056	TICK	sync_frame=14056	current_frame=14056	lcg=1053d3b6	n=37,5,19,5,5,10,0,0,173	h0=c11c781d	h1=4449b388	h2=f1798e75	h3=b5feba6a	h4=9deba45a	h5=5c79bce0	h6=811c9dc5	h7=811c9dc5	hN=c117ead0	vcs=14055,14055,14055,14055,14055,14055,-,-
S	14057	LCG_TICK	lcg=6a725e3c
S	14057	TICK	sync_frame=14057	current_frame=14057	lcg=6a725e3c	n=37,5,19,5,5,10,0,0,173	h0=fe927730	h1=18a6ab50	h2=8505a6e5	h3=ad522fae	h4=b870b69e	h5=657792e4	h6=811c9dc5	h7=811c9dc5	hN=c117ead0	vcs=14056,14056,14056,14056,14056,14056,-,-
S	14058	LCG_TICK	lcg=0acad03b
S	14058	TICK	sync_frame=14058	current_frame=14058	lcg=0acad03b	n=37,5,19,5,5,10,0,0,173	h0=e9019b3c	h1=d92e6745	h2=cd8278b9	h3=949d42e7	h4=63696370	h5=5af7c0d7	h6=811c9dc5	h7=811c9dc5	hN=c117ead0	vcs=14057,14057,14057,14057,14057,14057,-,-
S	14059	LCG_TICK	lcg=526bbaae
S	14059	TICK	sync_frame=14059	current_frame=14059	lcg=526bbaae	n=37,5,19,5,5,10,0,0,173	h0=b8e682de	h1=6d0983ea	h2=976477d9	h3=60069155	h4=453d934a	h5=e9a073a8	h6=811c9dc5	h7=811c9dc5	hN=c117ead0	vcs=14058,14058,14058,14058,14058,14058,-,-
S	14060	LCG_TICK	lcg=da095574
S	14060	TICK	sync_frame=14060	current_frame=14060	lcg=da095574	n=37,5,19,5,5,10,0,0,173	h0=44697fe3	h1=7391a9bf	h2=41d2af6b	h3=5465b1ce	h4=37be3d8a	h5=02e2e31f	h6=811c9dc5	h7=811c9dc5	hN=c117ead0	vcs=14059,14059,14059,14059,14059,14059,-,-
S	14061	LCG_TICK	lcg=1d43640a
S	14061	TICK	sync_frame=14061	current_frame=14061	lcg=1d43640a	n=37,5,20,5,5,10,0,0,173	h0=434b9540	h1=b5738801	h2=a5bccd13	h3=2fc0f6ce	h4=e889d9b3	h5=27187370	h6=811c9dc5	h7=811c9dc5	hN=c117ead0	vcs=14060,14060,14060,14060,14060,14060,-,-
S	14062	LCG_TICK	lcg=b311f7f0
S	14062	TICK	sync_frame=14062	current_frame=14062	lcg=b311f7f0	n=37,5,20,5,5,10,0,0,173	h0=cb3b69ba	h1=ab75ab67	h2=9bdd1adf	h3=66c998aa	h4=d691ea4c	h5=ffb70c73	h6=811c9dc5	h7=811c9dc5	hN=c117ead0	vcs=14061,14061,14061,14061,14061,14061,-,-
S	14062	AGENT_SCHED_LOCAL	slot=0	vc_frame=14062	target_frame=14064	n_bytes=4	bytes=09,01,a4,0d
S	14062	AGENT_SCHED_SEND	slot=0	server_frame=14062	n_bytes=4	bytes=09,01,a4,0d
S	14062	AGENT_SCHED_LOCAL	slot=0	vc_frame=14062	target_frame=14064	n_bytes=11	bytes=15,00,00,00,00,7a,0e,e4..
S	14062	AGENT_SCHED_SEND	slot=0	server_frame=14062	n_bytes=11	bytes=15,00,00,00,00,7a,0e,e4..
S	14063	LCG_TICK	lcg=049f16a6
S	14063	TICK	sync_frame=14063	current_frame=14063	lcg=049f16a6	n=37,5,20,5,5,10,0,0,173	h0=0de4f258	h1=4e7bc38d	h2=29dc685f	h3=58d1f6ba	h4=1b123e1c	h5=e16a0824	h6=811c9dc5	h7=811c9dc5	hN=c117ead0	vcs=14062,14062,14062,14062,14062,14062,-,-
S	14063	AGENT_SCHED_LOCAL	slot=0	vc_frame=14063	target_frame=14065	n_bytes=4	bytes=09,01,a8,0d
S	14063	AGENT_SCHED_SEND	slot=0	server_frame=14063	n_bytes=4	bytes=09,01,a8,0d
S	14063	AGENT_SCHED_LOCAL	slot=0	vc_frame=14063	target_frame=14065	n_bytes=8	bytes=0c,1f,3f,00,4e,00,9c,00
S	14063	AGENT_SCHED_SEND	slot=0	server_frame=14063	n_bytes=8	bytes=0c,1f,3f,00,4e,00,9c,00
S	14063	AGENT_SCHED_LOCAL	slot=0	vc_frame=14063	target_frame=14065	n_bytes=4	bytes=09,01,a7,0d
S	14063	AGENT_SCHED_SEND	slot=0	server_frame=14063	n_bytes=4	bytes=09,01,a7,0d
S	14063	AGENT_SCHED_LOCAL	slot=0	vc_frame=14063	target_frame=14065	n_bytes=11	bytes=15,00,00,00,00,f2,0d,e4..
S	14063	AGENT_SCHED_SEND	slot=0	server_frame=14063	n_bytes=11	bytes=15,00,00,00,00,f2,0d,e4..
S	14064	AGENT_APPLY	slot=0	sim_frame=14063	target_frame=14064	vc_frame=14063	lcg=049f16a6	n_bytes=4	bytes=09,01,a4,0d
S	14064	AGENT_APPLY	slot=0	sim_frame=14063	target_frame=14064	vc_frame=14063	lcg=049f16a6	n_bytes=11	bytes=15,00,00,00,00,7a,0e,e4..
S	14064	LCG_TICK	lcg=049f16a6
S	14064	TICK	sync_frame=14064	current_frame=14064	lcg=049f16a6	n=37,5,20,5,5,10,0,0,173	h0=03897214	h1=515ac927	h2=ed65b6d0	h3=9de4483e	h4=284742ba	h5=2f97e471	h6=811c9dc5	h7=811c9dc5	hN=c117ead0	vcs=14063,14063,14063,14063,14063,14063,-,-
S	14065	AGENT_APPLY	slot=0	sim_frame=14064	target_frame=14065	vc_frame=14064	lcg=049f16a6	n_bytes=4	bytes=09,01,a8,0d
S	14065	AGENT_APPLY	slot=0	sim_frame=14064	target_frame=14065	vc_frame=14064	lcg=049f16a6	n_bytes=8	bytes=0c,1f,3f,00,4e,00,9c,00
S	14065	AGENT_APPLY	slot=0	sim_frame=14064	target_frame=14065	vc_frame=14064	lcg=049f16a6	n_bytes=4	bytes=09,01,a7,0d
S	14065	AGENT_APPLY	slot=0	sim_frame=14064	target_frame=14065	vc_frame=14064	lcg=049f16a6	n_bytes=11	bytes=15,00,00,00,00,f2,0d,e4..
S	14065	LCG_TICK	lcg=d5a319ac
S	14065	TICK	sync_frame=14065	current_frame=14065	lcg=d5a319ac	n=37,5,20,5,5,10,0,0,173	h0=27fbea6d	h1=4ae66f41	h2=8e680dfb	h3=3c9fd60e	h4=f26ab871	h5=5d1b2b98	h6=811c9dc5	h7=811c9dc5	hN=c117ead0	vcs=14064,14064,14064,14064,14064,14064,-,-
S	14066	LCG_TICK	lcg=9f0eb89d
S	14066	TICK	sync_frame=14066	current_frame=14066	lcg=9f0eb89d	n=37,5,20,5,5,10,0,0,173	h0=db0ec654	h1=8cae858f	h2=e56c7ffe	h3=b363b12b	h4=9ab570ef	h5=e679a500	h6=811c9dc5	h7=811c9dc5	hN=c117ead0	vcs=14065,14065,14065,14065,14065,14065,-,-
S	14067	LCG_TICK	lcg=a73177b7
S	14067	TICK	sync_frame=14067	current_frame=14067	lcg=a73177b7	n=37,5,20,5,5,10,0,0,173	h0=e9d39a38	h1=cae15b38	h2=788f7864	h3=d6196928	h4=ce7d1f10	h5=02e57159	h6=811c9dc5	h7=811c9dc5	hN=c117ead0	vcs=14066,14066,14066,14066,14066,14066,-,-
S	14068	LCG_TICK	lcg=ffcefdfa
S	14068	TICK	sync_frame=14068	current_frame=14068	lcg=ffcefdfa	n=37,5,20,5,5,10,0,0,173	h0=5b79c99d	h1=cfdb4121	h2=bea69ec9	h3=e3147cd8	h4=1486632b	h5=2937adf0	h6=811c9dc5	h7=811c9dc5	hN=c117ead0	vcs=14067,14067,14067,14067,14067,14067,-,-
S	14069	LCG_TICK	lcg=10115260
S	14069	TICK	sync_frame=14069	current_frame=14069	lcg=10115260	n=37,5,20,5,5,10,0,0,173	h0=d3810d6b	h1=1a9a619b	h2=d2d8bd85	h3=4c8cc7dd	h4=5b289148	h5=2ac6b18f	h6=811c9dc5	h7=811c9dc5	hN=c117ead0	vcs=14068,14068,14068,14068,14068,14068,-,-
S	14070	LCG_TICK	lcg=f06f4de1
S	14070	TICK	sync_frame=14070	current_frame=14070	lcg=f06f4de1	n=37,5,20,5,5,10,0,0,173	h0=d6848508	h1=fec8564d	h2=a69e255d	h3=8c5e8352	h4=9b832766	h5=1d676206	h6=811c9dc5	h7=811c9dc5	hN=c117ead0	vcs=14069,14069,14069,14069,14069,14069,-,-
S	14071	LCG_TICK	lcg=f06f4de1
S	14071	TICK	sync_frame=14071	current_frame=14071	lcg=f06f4de1	n=37,5,20,5,5,10,0,0,173	h0=735ba2b4	h1=d16d853b	h2=20239ae8	h3=1ef1c06e	h4=2991e16e	h5=be694066	h6=811c9dc5	h7=811c9dc5	hN=c117ead0	vcs=14070,14070,14070,14070,14070,14070,-,-
S	14072	LCG_TICK	lcg=f2dfad96
S	14072	TICK	sync_frame=14072	current_frame=14072	lcg=f2dfad96	n=37,5,20,5,5,10,0,0,173	h0=edaa82a7	h1=930c8de1	h2=c99302f2	h3=b996385e	h4=0bc67314	h5=9950ab45	h6=811c9dc5	h7=811c9dc5	hN=c117ead0	vcs=14071,14071,14071,14071,14071,14071,-,-
S	14073	LCG_TICK	lcg=daeceacd
S	14073	TICK	sync_frame=14073	current_frame=14073	lcg=daeceacd	n=38,5,20,5,5,10,0,0,173	h0=816c3805	h1=e743b0db	h2=974fc2a8	h3=1e507bfa	h4=0d922ae6	h5=4813451a	h6=811c9dc5	h7=811c9dc5	hN=c117ead0	vcs=14072,14072,14072,14072,14072,14072,-,-
S	14074	LCG_TICK	lcg=dba91272
S	14074	TICK	sync_frame=14074	current_frame=14074	lcg=dba91272	n=37,5,20,5,5,10,0,0,173	h0=045bc282	h1=4449b388	h2=1acc6393	h3=b5feba6a	h4=7173a1c9	h5=cf7e384a	h6=811c9dc5	h7=811c9dc5	hN=c117ead0	vcs=14073,14073,14073,14073,14073,14073,-,-
S	14075	LCG_TICK	lcg=0b442967
S	14075	TICK	sync_frame=14075	current_frame=14075	lcg=0b442967	n=37,5,20,5,5,10,0,0,173	h0=2e0af5c1	h1=18a6ab50	h2=ace9bed3	h3=ad522fae	h4=1815fd8f	h5=4937adaa	h6=811c9dc5	h7=811c9dc5	hN=c117ead0	vcs=14074,14074,14074,14074,14074,14074,-,-
S	14076	LCG_TICK	lcg=0eeff454
S	14076	TICK	sync_frame=14076	current_frame=14076	lcg=0eeff454	n=37,5,20,5,5,10,0,0,173	h0=f2044442	h1=d92e6745	h2=f6b21bb8	h3=949d42e7	h4=6fb4d365	h5=5495723b	h6=811c9dc5	h7=811c9dc5	hN=c117ead0	vcs=14075,14075,14075,14075,14075,14075,-,-
S	14077	LCG_TICK	lcg=6da72d65
S	14077	TICK	sync_frame=14077	current_frame=14077	lcg=6da72d65	n=37,5,19,5,5,10,0,0,173	h0=0cd27ef8	h1=6d0983ea	h2=9fa30d63	h3=60069155	h4=b20e246a	h5=17ca7b78	h6=811c9dc5	h7=811c9dc5	hN=c117ead0	vcs=14076,14076,14076,14076,14076,14076,-,-
S	14078	LCG_TICK	lcg=a630a0d0
S	14078	TICK	sync_frame=14078	current_frame=14078	lcg=a630a0d0	n=37,5,19,5,5,10,0,0,173	h0=f0ab287e	h1=7391a9bf	h2=78d7993a	h3=5465b1ce	h4=5793bfe2	h5=fee3d1cd	h6=811c9dc5	h7=811c9dc5	hN=c117ead0	vcs=14077,14077,14077,14077,14077,14077,-,-
S	14079	LCG_TICK	lcg=5be7ac8c
S	14079	TICK	sync_frame=14079	current_frame=14079	lcg=5be7ac8c	n=37,5,19,5,5,10,0,0,173	h0=2716df53	h1=b5738801	h2=bc4c0796	h3=2fc0f6ce	h4=e775ae09	h5=a5b83de7	h6=811c9dc5	h7=811c9dc5	hN=c117ead0	vcs=14078,14078,14078,14078,14078,14078,-,-
S	14080	LCG_TICK	lcg=a08ea24b
S	14080	TICK	sync_frame=14080	current_frame=14080	lcg=a08ea24b	n=37,5,19,5,5,10,0,0,173	h0=8a388555	h1=ab75ab67	h2=3511b7db	h3=66c998aa	h4=19d00b2b	h5=c96999ea	h6=811c9dc5	h7=811c9dc5	hN=c117ead0	vcs=14079,14079,14079,14079,14079,14079,-,-
S	14081	LCG_TICK	lcg=0c587388
S	14081	TICK	sync_frame=14081	current_frame=14081	lcg=0c587388	n=37,5,19,5,5,10,0,0,173	h0=840722aa	h1=4e7bc38d	h2=8df0669f	h3=58d1f6ba	h4=b8813591	h5=0bfa32c0	h6=811c9dc5	h7=811c9dc5	hN=c117ead0	vcs=14080,14080,14080,14080,14080,14080,-,-
S	14082	LCG_TICK	lcg=5775bf17
S	14082	TICK	sync_frame=14082	current_frame=14082	lcg=5775bf17	n=37,5,19,5,5,10,0,0,173	h0=ba2aa333	h1=515ac927	h2=06f89a76	h3=9de4483e	h4=d9940c81	h5=ab5723a4	h6=811c9dc5	h7=811c9dc5	hN=c117ead0	vcs=14081,14081,14081,14081,14081,14081,-,-
S	14083	LCG_TICK	lcg=e9b6edda
S	14083	TICK	sync_frame=14083	current_frame=14083	lcg=e9b6edda	n=37,5,19,5,5,10,0,0,173	h0=de3e836a	h1=4ae66f41	h2=efca5253	h3=3c9fd60e	h4=76c610c1	h5=2e9e1bb8	h6=811c9dc5	h7=811c9dc5	hN=c117ead0	vcs=14082,14082,14082,14082,14082,14082,-,-
S	14084	LCG_TICK	lcg=52c28c41
S	14084	TICK	sync_frame=14084	current_frame=14084	lcg=52c28c41	n=37,5,19,5,5,10,0,0,173	h0=5b2517a6	h1=8cae858f	h2=b3ae3496	h3=b363b12b	h4=112ba65f	h5=fcf8d53f	h6=811c9dc5	h7=811c9dc5	hN=c117ead0	vcs=14083,14083,14083,14083,14083,14083,-,-
S	14084	AGENT_SCHED_LOCAL	slot=5	vc_frame=14084	target_frame=14086	n_bytes=4	bytes=09,01,a3,0d
S	14084	AGENT_SCHED_SEND	slot=5	server_frame=14084	n_bytes=4	bytes=09,01,a3,0d
S	14084	AGENT_SCHED_LOCAL	slot=5	vc_frame=14084	target_frame=14086	n_bytes=11	bytes=15,00,00,00,00,39,0e,e4..
S	14084	AGENT_SCHED_SEND	slot=5	server_frame=14084	n_bytes=11	bytes=15,00,00,00,00,39,0e,e4..
S	14085	LCG_TICK	lcg=52c28c41
S	14085	TICK	sync_frame=14085	current_frame=14085	lcg=52c28c41	n=37,5,19,5,5,10,0,0,173	h0=38eccbe2	h1=cae15b38	h2=28e9091e	h3=d6196928	h4=ac006e3f	h5=040e664a	h6=811c9dc5	h7=811c9dc5	hN=c117ead0	vcs=14084,14084,14084,14084,14084,14084,-,-
S	14086	AGENT_APPLY	slot=5	sim_frame=14085	target_frame=14086	vc_frame=14085	lcg=52c28c41	n_bytes=4	bytes=09,01,a3,0d
S	14086	AGENT_APPLY	slot=5	sim_frame=14085	target_frame=14086	vc_frame=14085	lcg=52c28c41	n_bytes=11	bytes=15,00,00,00,00,39,0e,e4..
S	14086	LCG_TICK	lcg=f8dcd776
S	14086	TICK	sync_frame=14086	current_frame=14086	lcg=f8dcd776	n=37,5,19,5,5,10,0,0,173	h0=966abbaf	h1=cfdb4121	h2=c73f7388	h3=e3147cd8	h4=970d7c09	h5=88380f20	h6=811c9dc5	h7=811c9dc5	hN=c117ead0	vcs=14085,14085,14085,14085,14085,14085,-,-
S	14087	LCG_TICK	lcg=a0771b2d
S	14087	TICK	sync_frame=14087	current_frame=14087	lcg=a0771b2d	n=37,5,19,5,5,10,0,0,173	h0=df37bdf9	h1=1a9a619b	h2=2653212a	h3=4c8cc7dd	h4=dd41ca91	h5=4acce8c9	h6=811c9dc5	h7=811c9dc5	hN=c117ead0	vcs=14086,14086,14086,14086,14086,14086,-,-
S	14088	LCG_TICK	lcg=aa5cdafb
S	14088	TICK	sync_frame=14088	current_frame=14088	lcg=aa5cdafb	n=37,5,19,5,5,10,0,0,173	h0=75ab9dc6	h1=fec8564d	h2=349c19f7	h3=8c5e8352	h4=7108d809	h5=db881b8d	h6=811c9dc5	h7=811c9dc5	hN=c117ead0	vcs=14087,14087,14087,14087,14087,14087,-,-
S	14089	LCG_TICK	lcg=21ce94d3
S	14089	TICK	sync_frame=14089	current_frame=14089	lcg=21ce94d3	n=37,5,19,5,5,10,0,0,173	h0=52dc54c2	h1=d16d853b	h2=5d8b8ede	h3=1ef1c06e	h4=aff5c79f	h5=eea77b00	h6=811c9dc5	h7=811c9dc5	hN=c117ead0	vcs=14088,14088,14088,14088,14088,14088,-,-
S	14090	LCG_TICK	lcg=02501b1f
S	14090	TICK	sync_frame=14090	current_frame=14090	lcg=02501b1f	n=37,5,19,5,5,10,0,0,173	h0=a892b57c	h1=930c8de1	h2=f58619df	h3=b996385e	h4=fd879cad	h5=ceda6bce	h6=811c9dc5	h7=811c9dc5	hN=c117ead0	vcs=14089,14089,14089,14089,14089,14089,-,-
S	14091	LCG_TICK	lcg=8abf0f6c
S	14091	TICK	sync_frame=14091	current_frame=14091	lcg=8abf0f6c	n=37,5,19,5,5,10,0,0,173	h0=ffe04b7c	h1=e743b0db	h2=adb891e0	h3=1e507bfa	h4=6176d46e	h5=2aed0c97	h6=811c9dc5	h7=811c9dc5	hN=c117ead0	vcs=14090,14090,14090,14090,14090,14090,-,-
S	14092	LCG_TICK	lcg=c839195d
S	14092	TICK	sync_frame=14092	current_frame=14092	lcg=c839195d	n=37,5,19,5,5,10,0,0,173	h0=f82cc0fd	h1=4449b388	h2=5db64972	h3=b5feba6a	h4=adc72911	h5=4a794cd7	h6=811c9dc5	h7=811c9dc5	hN=c117ead0	vcs=14091,14091,14091,14091,14091,14091,-,-
S	14093	LCG_TICK	lcg=213e9642
S	14093	TICK	sync_frame=14093	current_frame=14093	lcg=213e9642	n=37,5,19,5,5,10,0,0,173	h0=c3eba464	h1=18a6ab50	h2=f0cff5a1	h3=ad522fae	h4=470db4f0	h5=e2e292a8	h6=811c9dc5	h7=811c9dc5	hN=c117ead0	vcs=14092,14092,14092,14092,14092,14092,-,-
S	14094	LCG_TICK	lcg=9604a068
S	14094	TICK	sync_frame=14094	current_frame=14094	lcg=9604a068	n=37,5,19,5,5,10,0,0,173	h0=0123464a	h1=d92e6745	h2=7262c86b	h3=949d42e7	h4=e46cfc27	h5=7b8c5baa	h6=811c9dc5	h7=811c9dc5	hN=c117ead0	vcs=14093,14093,14093,14093,14093,14093,-,-
S	14095	LCG_TICK	lcg=4e0268a4
S	14095	TICK	sync_frame=14095	current_frame=14095	lcg=4e0268a4	n=37,5,19,5,5,10,0,0,173	h0=720ef7a9	h1=6d0983ea	h2=fce35c12	h3=60069155	h4=b2c5dc97	h5=6fd10aec	h6=811c9dc5	h7=811c9dc5	hN=c117ead0	vcs=14094,14094,14094,14094,14094,14094,-,-
S	14096	LCG_TICK	lcg=4e0268a4
S	14096	TICK	sync_frame=14096	current_frame=14096	lcg=4e0268a4	n=37,5,19,5,5,10,0,0,173	h0=2af04fdc	h1=7391a9bf	h2=5fddd97b	h3=5465b1ce	h4=d9c5dd0f	h5=280c51f5	h6=811c9dc5	h7=811c9dc5	hN=c117ead0	vcs=14095,14095,14095,14095,14095,14095,-,-
S	14097	LCG_TICK	lcg=f0692383
S	14097	TICK	sync_frame=14097	current_frame=14097	lcg=f0692383	n=38,5,19,5,5,10,0,0,173	h0=7ddd7760	h1=b5738801	h2=1534a0a4	h3=2fc0f6ce	h4=e519495d	h5=403a1d91	h6=811c9dc5	h7=811c9dc5	hN=c117ead0	vcs=14096,14096,14096,14096,14096,14096,-,-
S	14098	LCG_TICK	lcg=445eb85b
S	14098	TICK	sync_frame=14098	current_frame=14098	lcg=445eb85b	n=38,5,19,5,5,10,0,0,173	h0=29db9673	h1=ab75ab67	h2=7a5ff10c	h3=66c998aa	h4=a47e8315	h5=580b5e01	h6=811c9dc5	h7=811c9dc5	hN=c117ead0	vcs=14097,14097,14097,14097,14097,14097,-,-
S	14099	LCG_TICK	lcg=ffc5abaa
S	14099	TICK	sync_frame=14099	current_frame=14099	lcg=ffc5abaa	n=38,5,19,5,5,10,0,0,173	h0=e39ba285	h1=4e7bc38d	h2=1658a7e3	h3=58d1f6ba	h4=1a9fcf8e	h5=5d245294	h6=811c9dc5	h7=811c9dc5	hN=c117ead0	vcs=14098,14098,14098,14098,14098,14098,-,-
S	14100	LCG_TICK	lcg=31fe5633
S	14100	TICK	sync_frame=14100	current_frame=14100	lcg=31fe5633	n=38,5,19,5,5,10,0,0,173	h0=92744498	h1=515ac927	h2=538f0de5	h3=9de4483e	h4=485d4982	h5=6e047bb1	h6=811c9dc5	h7=811c9dc5	hN=c117ead0	vcs=14099,14099,14099,14099,14099,14099,-,-
S	14100	INVENTORY	slot=0	min=179	gas=1358	lcg=31fe5633	completed=64:25,65:3,154:1,156:3,157:1,160:1,162:1,164:1,166:1,172:1	in_progress=65:1,156:1
S	14100	INVENTORY	slot=1	min=0	gas=0	lcg=31fe5633	completed=64:4,154:1	in_progress=
S	14101	LCG_TICK	lcg=4a678c46
S	14101	TICK	sync_frame=14101	current_frame=14101	lcg=4a678c46	n=38,5,19,5,5,10,0,0,173	h0=e78debec	h1=4ae66f41	h2=ce946c38	h3=3c9fd60e	h4=623b3952	h5=e1785254	h6=811c9dc5	h7=811c9dc5	hN=c117ead0	vcs=14100,14100,14100,14100,14100,14100,-,-
S	14102	LCG_TICK	lcg=69cde1bd
S	14102	TICK	sync_frame=14102	current_frame=14102	lcg=69cde1bd	n=38,5,19,5,5,10,0,0,173	h0=b69e8a54	h1=8cae858f	h2=24b46342	h3=b363b12b	h4=e89d1a9e	h5=19f8a26c	h6=811c9dc5	h7=811c9dc5	hN=c117ead0	vcs=14101,14101,14101,14101,14101,14101,-,-
S	14103	LCG_TICK	lcg=9ce67fe9
S	14103	TICK	sync_frame=14103	current_frame=14103	lcg=9ce67fe9	n=38,5,19,5,5,10,0,0,173	h0=d7e6d12b	h1=cae15b38	h2=99bfa51f	h3=d6196928	h4=332dd529	h5=6f8223d3	h6=811c9dc5	h7=811c9dc5	hN=c117ead0	vcs=14102,14102,14102,14102,14102,14102,-,-
S	14104	LCG_TICK	lcg=979b793e
S	14104	TICK	sync_frame=14104	current_frame=14104	lcg=979b793e	n=38,5,19,5,5,10,0,0,173	h0=dbaf9756	h1=cfdb4121	h2=49059608	h3=e3147cd8	h4=9693d609	h5=e6a41f71	h6=811c9dc5	h7=811c9dc5	hN=c117ead0	vcs=14103,14103,14103,14103,14103,14103,-,-
S	14105	LCG_TICK	lcg=65fe0f84
S	14105	TICK	sync_frame=14105	current_frame=14105	lcg=65fe0f84	n=38,5,19,5,5,10,0,0,173	h0=382aebe5	h1=1a9a619b	h2=8bb15989	h3=4c8cc7dd	h4=c827b10f	h5=84658ba1	h6=811c9dc5	h7=811c9dc5	hN=c117ead0	vcs=14104,14104,14104,14104,14104,14104,-,-
S	14106	LCG_TICK	lcg=65fe0f84
S	14106	TICK	sync_frame=14106	current_frame=14106	lcg=65fe0f84	n=38,5,19,5,5,10,0,0,173	h0=8163265c	h1=fec8564d	h2=212fc381	h3=8c5e8352	h4=5f7e4282	h5=77043fe8	h6=811c9dc5	h7=811c9dc5	hN=c117ead0	vcs=14105,14105,14105,14105,14105,14105,-,-
S	14107	LCG_TICK	lcg=774dbd9a
S	14107	TICK	sync_frame=14107	current_frame=14107	lcg=774dbd9a	n=38,5,19,5,5,10,0,0,173	h0=68fb76dc	h1=d16d853b	h2=d79250b4	h3=1ef1c06e	h4=2ffeb332	h5=d747c8ef	h6=811c9dc5	h7=811c9dc5	hN=c117ead0	vcs=14106,14106,14106,14106,14106,14106,-,-
S	14108	LCG_TICK	lcg=4d05ce12
S	14108	TICK	sync_frame=14108	current_frame=14108	lcg=4d05ce12	n=38,5,19,5,5,10,0,0,173	h0=763c6027	h1=930c8de1	h2=b163f9b4	h3=b996385e	h4=174a62d9	h5=b154c457	h6=811c9dc5	h7=811c9dc5	hN=c117ead0	vcs=14107,14107,14107,14107,14107,14107,-,-
S	14109	LCG_TICK	lcg=3ec60787
S	14109	TICK	sync_frame=14109	current_frame=14109	lcg=3ec60787	n=38,5,19,5,5,10,0,0,173	h0=4bf8c53d	h1=e743b0db	h2=10dc90c7	h3=1e507bfa	h4=10f342e4	h5=c7dccfda	h6=811c9dc5	h7=811c9dc5	hN=c117ead0	vcs=14108,14108,14108,14108,14108,14108,-,-
S	14110	LCG_TICK	lcg=9944ae31
S	14110	TICK	sync_frame=14110	current_frame=14110	lcg=9944ae31	n=39,5,19,5,5,10,0,0,173	h0=ea45d864	h1=ca76e035	h2=c24fc1b5	h3=b5feba6a	h4=35b96c93	h5=aef3085c	h6=811c9dc5	h7=811c9dc5	hN=c117ead0	vcs=14109,14109,14109,14109,14109,14109,-,-
S	14111	LCG_TICK	lcg=e03c126b
S	14111	TICK	sync_frame=14111	current_frame=14111	lcg=e03c126b	n=38,5,19,5,5,10,0,0,173	h0=0ad798e6	h1=0edea3cb	h2=6ffce5d1	h3=ad522fae	h4=9f306a2e	h5=ac32d60d	h6=811c9dc5	h7=811c9dc5	hN=c117ead0	vcs=14110,14110,14110,14110,14110,14110,-,-
S	14112	LCG_TICK	lcg=3fb02a49
S	14112	TICK	sync_frame=14112	current_frame=14112	lcg=3fb02a49	n=38,5,19,5,5,10,0,0,173	h0=b70f48ee	h1=0d6f5521	h2=30bd005a	h3=12634d1e	h4=3c34e095	h5=2f072a50	h6=811c9dc5	h7=811c9dc5	hN=c117ead0	vcs=14111,14111,14111,14111,14111,14111,-,-
S	14113	LCG_TICK	lcg=0304ff1e
S	14113	TICK	sync_frame=14113	current_frame=14113	lcg=0304ff1e	n=38,5,20,5,5,10,0,0,173	h0=6e84121e	h1=a760f69b	h2=f588d102	h3=3b132192	h4=63691910	h5=d5af6b6d	h6=811c9dc5	h7=811c9dc5	hN=c117ead0	vcs=14112,14112,14112,14112,14112,14112,-,-
S	14114	LCG_TICK	lcg=19184ab5
S	14114	TICK	sync_frame=14114	current_frame=14114	lcg=19184ab5	n=38,5,20,5,5,10,0,0,173	h0=90fd4f86	h1=794c8ccd	h2=d734b64d	h3=7928dbc2	h4=6b84559f	h5=57e6d2c0	h6=811c9dc5	h7=811c9dc5	hN=c117ead0	vcs=14113,14113,14113,14113,14113,14113,-,-
S	14114	AGENT_SCHED_LOCAL	slot=2	vc_frame=14114	target_frame=14116	n_bytes=4	bytes=09,01,a2,0d
S	14114	AGENT_SCHED_SEND	slot=2	server_frame=14114	n_bytes=4	bytes=09,01,a2,0d
S	14114	AGENT_SCHED_LOCAL	slot=2	vc_frame=14114	target_frame=14116	n_bytes=11	bytes=15,00,00,00,00,4a,0e,e4..
S	14114	AGENT_SCHED_SEND	slot=2	server_frame=14114	n_bytes=11	bytes=15,00,00,00,00,4a,0e,e4..
S	14114	AGENT_SCHED_LOCAL	slot=2	vc_frame=14114	target_frame=14116	n_bytes=4	bytes=09,01,a2,0d
S	14114	AGENT_SCHED_SEND	slot=2	server_frame=14114	n_bytes=4	bytes=09,01,a2,0d
S	14114	AGENT_SCHED_LOCAL	slot=2	vc_frame=14114	target_frame=14116	n_bytes=11	bytes=15,00,00,00,00,58,0e,e4..
S	14114	AGENT_SCHED_SEND	slot=2	server_frame=14114	n_bytes=11	bytes=15,00,00,00,00,58,0e,e4..
S	14114	AGENT_SCHED_LOCAL	slot=2	vc_frame=14114	target_frame=14116	n_bytes=4	bytes=09,01,e7,0d
S	14114	AGENT_SCHED_SEND	slot=2	server_frame=14114	n_bytes=4	bytes=09,01,e7,0d
S	14114	AGENT_SCHED_LOCAL	slot=2	vc_frame=14114	target_frame=14116	n_bytes=3	bytes=1f,07,00
S	14114	AGENT_SCHED_SEND	slot=2	server_frame=14114	n_bytes=3	bytes=1f,07,00
S	14115	LCG_TICK	lcg=0a5bc643
S	14115	TICK	sync_frame=14115	current_frame=14115	lcg=0a5bc643	n=38,5,19,5,5,10,0,0,173	h0=9b29ac59	h1=b5d67a3b	h2=af333d4b	h3=442cdd1e	h4=4044c06b	h5=b3b83d02	h6=811c9dc5	h7=811c9dc5	hN=c117ead0	vcs=14114,14114,14114,14114,14114,14114,-,-
S	14116	AGENT_APPLY	slot=2	sim_frame=14115	target_frame=14116	vc_frame=14115	lcg=0a5bc643	n_bytes=4	bytes=09,01,a2,0d
S	14116	AGENT_APPLY	slot=2	sim_frame=14115	target_frame=14116	vc_frame=14115	lcg=0a5bc643	n_bytes=11	bytes=15,00,00,00,00,4a,0e,e4..
S	14116	AGENT_APPLY	slot=2	sim_frame=14115	target_frame=14116	vc_frame=14115	lcg=0a5bc643	n_bytes=4	bytes=09,01,a2,0d
S	14116	AGENT_APPLY	slot=2	sim_frame=14115	target_frame=14116	vc_frame=14115	lcg=0a5bc643	n_bytes=11	bytes=15,00,00,00,00,58,0e,e4..
S	14116	AGENT_APPLY	slot=2	sim_frame=14115	target_frame=14116	vc_frame=14115	lcg=0a5bc643	n_bytes=4	bytes=09,01,e7,0d
S	14116	AGENT_APPLY	slot=2	sim_frame=14115	target_frame=14116	vc_frame=14115	lcg=0a5bc643	n_bytes=3	bytes=1f,07,00
S	14116	LCG_TICK	lcg=d0ac3516
S	14116	TICK	sync_frame=14116	current_frame=14116	lcg=d0ac3516	n=38,5,19,5,5,10,0,0,173	h0=1b83f158	h1=0b54a461	h2=894daf14	h3=b5e4f0ce	h4=beccdcd6	h5=468d7001	h6=811c9dc5	h7=811c9dc5	hN=c117ead0	vcs=14115,14115,14115,14115,14115,14115,-,-
S	14117	LCG_TICK	lcg=94cc231b
S	14117	TICK	sync_frame=14117	current_frame=14117	lcg=94cc231b	n=38,5,19,5,5,10,0,0,173	h0=64ae52fb	h1=20db85db	h2=8a0b7b77	h3=b2e388aa	h4=874b4978	h5=67bc8340	h6=811c9dc5	h7=811c9dc5	hN=c117ead0	vcs=14116,14116,14116,14116,14116,14116,-,-
S	14118	LCG_TICK	lcg=972dc6e7
S	14118	TICK	sync_frame=14118	current_frame=14118	lcg=972dc6e7	n=38,5,19,5,5,10,0,0,173	h0=3d5d17d7	h1=531769b5	h2=0c503ffe	h3=53db42da	h4=9d522c17	h5=b90927c5	h6=811c9dc5	h7=811c9dc5	hN=c117ead0	vcs=14117,14117,14117,14117,14117,14117,-,-
S	14119	LCG_TICK	lcg=7c97c006
S	14119	TICK	sync_frame=14119	current_frame=14119	lcg=7c97c006	n=38,5,19,5,5,10,0,0,173	h0=f0afa626	h1=c9b4e4eb	h2=f089f6b5	h3=41b13c5e	h4=5244b50e	h5=1d1973f2	h6=811c9dc5	h7=811c9dc5	hN=c117ead0	vcs=14118,14118,14118,14118,14118,14118,-,-
S	14120	LCG_TICK	lcg=da5457cb
S	14120	TICK	sync_frame=14120	current_frame=14120	lcg=da5457cb	n=38,5,19,5,5,10,0,0,173	h0=4419d08f	h1=cfdb4121	h2=f53f7993	h3=48dcd00e	h4=a195ba39	h5=26443461	h6=811c9dc5	h7=811c9dc5	hN=c117ead0	vcs=14119,14119,14119,14119,14119,14119,-,-
S	14121	LCG_TICK	lcg=1f99e4a9
S	14121	TICK	sync_frame=14121	current_frame=14121	lcg=1f99e4a9	n=38,5,19,5,5,10,0,0,173	h0=bb2fc72b	h1=1a9a619b	h2=2bce6a4f	h3=742d74e2	h4=a5bea4ac	h5=aec9cce7	h6=811c9dc5	h7=811c9dc5	hN=c117ead0	vcs=14120,14120,14120,14120,14120,14120,-,-
S	14122	LCG_TICK	lcg=ea783715
S	14122	TICK	sync_frame=14122	current_frame=14122	lcg=ea783715	n=39,5,19,5,5,10,0,0,173	h0=fc7c477a	h1=fec8564d	h2=d1181907	h3=8c5e8352	h4=612ddd73	h5=fa22a49f	h6=811c9dc5	h7=811c9dc5	hN=c117ead0	vcs=14121,14121,14121,14121,14121,14121,-,-
S	14123	LCG_TICK	lcg=599e9ef6
S	14123	TICK	sync_frame=14123	current_frame=14123	lcg=599e9ef6	n=39,5,19,5,5,10,0,0,173	h0=1349f41f	h1=d16d853b	h2=b189d313	h3=1ef1c06e	h4=42212b82	h5=a6779b55	h6=811c9dc5	h7=811c9dc5	hN=c117ead0	vcs=14122,14122,14122,14122,14122,14122,-,-
S	14124	LCG_TICK	lcg=56798f7c
S	14124	TICK	sync_frame=14124	current_frame=14124	lcg=56798f7c	n=39,5,19,5,5,10,0,0,173	h0=1c459392	h1=930c8de1	h2=e5d4aa1c	h3=b996385e	h4=de3da851	h5=51950acd	h6=811c9dc5	h7=811c9dc5	hN=c117ead0	vcs=14123,14123,14123,14123,14123,14123,-,-
S	14125	LCG_TICK	lcg=e32a85d2
S	14125	TICK	sync_frame=14125	current_frame=14125	lcg=e32a85d2	n=39,5,19,5,5,10,0,0,173	h0=2300a6f9	h1=e743b0db	h2=71e3207d	h3=1e507bfa	h4=e913264c	h5=9a4b6a6b	h6=811c9dc5	h7=811c9dc5	hN=c117ead0	vcs=14124,14124,14124,14124,14124,14124,-,-
S	14126	LCG_TICK	lcg=ddb647d9
S	14126	TICK	sync_frame=14126	current_frame=14126	lcg=ddb647d9	n=39,5,19,5,5,10,0,0,173	h0=1d9317c3	h1=4449b388	h2=5b0776be	h3=b5feba6a	h4=acffee0b	h5=ed2ff7ab	h6=811c9dc5	h7=811c9dc5	hN=c117ead0	vcs=14125,14125,14125,14125,14125,14125,-,-
S	14127	LCG_TICK	lcg=832cd345
S	14127	TICK	sync_frame=14127	current_frame=14127	lcg=832cd345	n=39,5,19,5,5,10,0,0,173	h0=23062588	h1=18a6ab50	h2=6daffbd4	h3=ad522fae	h4=fdf400ea	h5=eb2a6369	h6=811c9dc5	h7=811c9dc5	hN=c117ead0	vcs=14126,14126,14126,14126,14126,14126,-,-
S	14128	LCG_TICK	lcg=d1eb1d30
S	14128	TICK	sync_frame=14128	current_frame=14128	lcg=d1eb1d30	n=39,5,19,5,5,10,0,0,173	h0=560fcd3a	h1=d92e6745	h2=b1196832	h3=949d42e7	h4=c7a322e5	h5=62afaf48	h6=811c9dc5	h7=811c9dc5	hN=c117ead0	vcs=14127,14127,14127,14127,14127,14127,-,-
S	14129	LCG_TICK	lcg=16fe889f
S	14129	TICK	sync_frame=14129	current_frame=14129	lcg=16fe889f	n=39,5,19,5,5,10,0,0,173	h0=557fc849	h1=6d0983ea	h2=d5c42c94	h3=60069155	h4=fd11c03c	h5=63a12b8a	h6=811c9dc5	h7=811c9dc5	hN=c117ead0	vcs=14128,14128,14128,14128,14128,14128,-,-
S	14130	LCG_TICK	lcg=cf3365c2
S	14130	TICK	sync_frame=14130	current_frame=14130	lcg=cf3365c2	n=39,5,19,5,5,10,0,0,173	h0=baf1efb1	h1=7391a9bf	h2=e06c0119	h3=5465b1ce	h4=100aae4f	h5=01c1eb5f	h6=811c9dc5	h7=811c9dc5	hN=c117ead0	vcs=14129,14129,14129,14129,14129,14129,-,-
S	14131	LCG_TICK	lcg=d1dc93f7
S	14131	TICK	sync_frame=14131	current_frame=14131	lcg=d1dc93f7	n=39,5,19,5,5,10,0,0,173	h0=e0d292ca	h1=b5738801	h2=eba8db5a	h3=2fc0f6ce	h4=9e2466aa	h5=a4006e7b	h6=811c9dc5	h7=811c9dc5	hN=c117ead0	vcs=14130,14130,14130,14130,14130,14130,-,-
S	14132	LCG_TICK	lcg=4db8a903
S	14132	TICK	sync_frame=14132	current_frame=14132	lcg=4db8a903	n=39,5,19,5,5,10,0,0,173	h0=0804c8a9	h1=ab75ab67	h2=9f846f20	h3=66c998aa	h4=acb4efb9	h5=1b04a324	h6=811c9dc5	h7=811c9dc5	hN=c117ead0	vcs=14131,14131,14131,14131,14131,14131,-,-
S	14133	LCG_TICK	lcg=8835b421
S	14133	TICK	sync_frame=14133	current_frame=14133	lcg=8835b421	n=39,5,19,5,5,10,0,0,173	h0=8596f80a	h1=4e7bc38d	h2=aac2b2c4	h3=58d1f6ba	h4=0c442911	h5=df7f9f7f	h6=811c9dc5	h7=811c9dc5	hN=c117ead0	vcs=14132,14132,14132,14132,14132,14132,-,-
S	14134	LCG_TICK	lcg=60c29a5c
S	14134	TICK	sync_frame=14134	current_frame=14134	lcg=60c29a5c	n=39,5,19,5,5,10,0,0,173	h0=4e334336	h1=515ac927	h2=77db7bf5	h3=9de4483e	h4=50844fdc	h5=254d8bff	h6=811c9dc5	h7=811c9dc5	hN=c117ead0	vcs=14133,14133,14133,14133,14133,14133,-,-
S	14135	LCG_TICK	lcg=19bbcddb
S	14135	TICK	sync_frame=14135	current_frame=14135	lcg=19bbcddb	n=39,5,19,5,5,10,0,0,173	h0=fe377be1	h1=4ae66f41	h2=3aad872f	h3=3c9fd60e	h4=271e3447	h5=e3a74363	h6=811c9dc5	h7=811c9dc5	hN=c117ead0	vcs=14134,14134,14134,14134,14134,14134,-,-
S	14136	LCG_TICK	lcg=ef651a39
S	14136	TICK	sync_frame=14136	current_frame=14136	lcg=ef651a39	n=39,5,19,5,5,10,0,0,173	h0=79e47dd8	h1=8cae858f	h2=e7c07e92	h3=b363b12b	h4=b924d946	h5=9eb3130b	h6=811c9dc5	h7=811c9dc5	hN=c117ead0	vcs=14135,14135,14135,14135,14135,14135,-,-
S	14137	LCG_TICK	lcg=a44efbb3
S	14137	TICK	sync_frame=14137	current_frame=14137	lcg=a44efbb3	n=39,5,19,5,5,10,0,0,173	h0=902253b4	h1=cae15b38	h2=3030a7e3	h3=d6196928	h4=c8e4af21	h5=412bdec0	h6=811c9dc5	h7=811c9dc5	hN=c117ead0	vcs=14136,14136,14136,14136,14136,14136,-,-
S	14138	LCG_TICK	lcg=7bb34151
S	14138	TICK	sync_frame=14138	current_frame=14138	lcg=7bb34151	n=39,5,19,5,5,10,0,0,173	h0=db37ed5e	h1=cfdb4121	h2=9fad9b15	h3=e3147cd8	h4=36758da0	h5=91ad9ece	h6=811c9dc5	h7=811c9dc5	hN=c117ead0	vcs=14137,14137,14137,14137,14137,14137,-,-
S	14139	LCG_TICK	lcg=ee4e0bff
S	14139	TICK	sync_frame=14139	current_frame=14139	lcg=ee4e0bff	n=39,5,19,5,5,10,0,0,173	h0=aef0a4bd	h1=1a9a619b	h2=242c8de6	h3=4c8cc7dd	h4=5fbd90b3	h5=82d5c3ca	h6=811c9dc5	h7=811c9dc5	hN=c117ead0	vcs=14138,14138,14138,14138,14138,14138,-,-
S	14140	LCG_TICK	lcg=562d8969
S	14140	TICK	sync_frame=14140	current_frame=14140	lcg=562d8969	n=39,5,19,5,5,10,0,0,173	h0=835918d1	h1=fec8564d	h2=7d05d127	h3=8c5e8352	h4=b3ef3fd2	h5=e55cfeab	h6=811c9dc5	h7=811c9dc5	hN=c117ead0	vcs=14139,14139,14139,14139,14139,14139,-,-
S	14141	LCG_TICK	lcg=13a13fd5
S	14141	TICK	sync_frame=14141	current_frame=14141	lcg=13a13fd5	n=39,5,19,5,5,10,0,0,173	h0=1fe4316d	h1=d16d853b	h2=52174041	h3=1ef1c06e	h4=d50a58bd	h5=0d4b7bb4	h6=811c9dc5	h7=811c9dc5	hN=c117ead0	vcs=14140,14140,14140,14140,14140,14140,-,-
S	14142	LCG_TICK	lcg=77b71d1a
S	14142	TICK	sync_frame=14142	current_frame=14142	lcg=77b71d1a	n=39,5,19,5,5,10,0,0,173	h0=bd249c66	h1=930c8de1	h2=223b5a98	h3=b996385e	h4=7b4009e4	h5=fa32b059	h6=811c9dc5	h7=811c9dc5	hN=c117ead0	vcs=14141,14141,14141,14141,14141,14141,-,-
S	14143	LCG_TICK	lcg=ad26e3af
S	14143	TICK	sync_frame=14143	current_frame=14143	lcg=ad26e3af	n=39,5,19,5,5,10,0,0,173	h0=12e63921	h1=e743b0db	h2=64af80a7	h3=1e507bfa	h4=96fd6d7f	h5=5499b9a6	h6=811c9dc5	h7=811c9dc5	hN=c117ead0	vcs=14142,14142,14142,14142,14142,14142,-,-
S	14144	LCG_TICK	lcg=e4607b3b
S	14144	TICK	sync_frame=14144	current_frame=14144	lcg=e4607b3b	n=39,5,19,5,5,10,0,0,173	h0=714de2d9	h1=4449b388	h2=2d1a0458	h3=b5feba6a	h4=420629ee	h5=7b8807d1	h6=811c9dc5	h7=811c9dc5	hN=c117ead0	vcs=14143,14143,14143,14143,14143,14143,-,-
S	14145	LCG_TICK	lcg=12cffc99
S	14145	TICK	sync_frame=14145	current_frame=14145	lcg=12cffc99	n=39,5,19,5,5,10,0,0,173	h0=9d8dc2e4	h1=18a6ab50	h2=1fac9142	h3=ad522fae	h4=27826141	h5=d76e54a8	h6=811c9dc5	h7=811c9dc5	hN=c117ead0	vcs=14144,14144,14144,14144,14144,14144,-,-
S	14146	LCG_TICK	lcg=8b6a6507
S	14146	TICK	sync_frame=14146	current_frame=14146	lcg=8b6a6507	n=39,5,19,5,5,10,0,0,173	h0=9c54a14b	h1=d92e6745	h2=01f59e05	h3=949d42e7	h4=d0f10b18	h5=fbc2abb2	h6=811c9dc5	h7=811c9dc5	hN=c117ead0	vcs=14145,14145,14145,14145,14145,14145,-,-
S	14147	LCG_TICK	lcg=2fd2630a
S	14147	TICK	sync_frame=14147	current_frame=14147	lcg=2fd2630a	n=40,5,19,5,5,10,0,0,173	h0=73e2f1c4	h1=6d0983ea	h2=cc8ff97a	h3=60069155	h4=44cbce1b	h5=7a43597b	h6=811c9dc5	h7=811c9dc5	hN=c117ead0	vcs=14146,14146,14146,14146,14146,14146,-,-
S	14148	LCG_TICK	lcg=0c86e7b1
S	14148	TICK	sync_frame=14148	current_frame=14148	lcg=0c86e7b1	n=39,5,19,5,5,10,0,0,173	h0=cb2a8e8b	h1=7391a9bf	h2=a83629ad	h3=5465b1ce	h4=af782c0a	h5=c0db4978	h6=811c9dc5	h7=811c9dc5	hN=c117ead0	vcs=14147,14147,14147,14147,14147,14147,-,-
S	14149	LCG_TICK	lcg=ade7ad82
S	14149	TICK	sync_frame=14149	current_frame=14149	lcg=ade7ad82	n=39,5,19,5,5,10,0,0,173	h0=2da54f03	h1=b5738801	h2=a57c70e4	h3=2fc0f6ce	h4=34c101f5	h5=7ecfdfbe	h6=811c9dc5	h7=811c9dc5	hN=c117ead0	vcs=14148,14148,14148,14148,14148,14148,-,-
S	14150	LCG_TICK	lcg=2a6772b7
S	14150	TICK	sync_frame=14150	current_frame=14150	lcg=2a6772b7	n=39,5,19,5,5,10,0,0,173	h0=3f58baa1	h1=ab75ab67	h2=11c1b17a	h3=66c998aa	h4=ca3c8402	h5=e1165bad	h6=811c9dc5	h7=811c9dc5	hN=c117ead0	vcs=14149,14149,14149,14149,14149,14149,-,-
S	14151	LCG_TICK	lcg=5b2f3cfa
S	14151	TICK	sync_frame=14151	current_frame=14151	lcg=5b2f3cfa	n=39,5,20,5,5,10,0,0,173	h0=79930b73	h1=4e7bc38d	h2=b6c2f249	h3=58d1f6ba	h4=9c1f3d61	h5=6e9bc08f	h6=811c9dc5	h7=811c9dc5	hN=c117ead0	vcs=14150,14150,14150,14150,14150,14150,-,-
S	14152	LCG_TICK	lcg=638dbc96
S	14152	TICK	sync_frame=14152	current_frame=14152	lcg=638dbc96	n=39,5,20,5,5,10,0,0,173	h0=4ddc79da	h1=515ac927	h2=90722ced	h3=9de4483e	h4=76dddb4a	h5=435c6dee	h6=811c9dc5	h7=811c9dc5	hN=c117ead0	vcs=14151,14151,14151,14151,14151,14151,-,-
S	14153	LCG_TICK	lcg=f89bf172
S	14153	TICK	sync_frame=14153	current_frame=14153	lcg=f89bf172	n=39,5,20,5,5,10,0,0,173	h0=2fcada23	h1=4ae66f41	h2=338eb383	h3=3c9fd60e	h4=909a1121	h5=90ac7764	h6=811c9dc5	h7=811c9dc5	hN=c117ead0	vcs=14152,14152,14152,14152,14152,14152,-,-
S	14154	LCG_TICK	lcg=58ceeef9
S	14154	TICK	sync_frame=14154	current_frame=14154	lcg=58ceeef9	n=39,5,20,5,5,10,0,0,173	h0=6cac173f	h1=8cae858f	h2=4f6b37ea	h3=b363b12b	h4=da24bfef	h5=abf80561	h6=811c9dc5	h7=811c9dc5	hN=c117ead0	vcs=14153,14153,14153,14153,14153,14153,-,-
S	14155	LCG_TICK	lcg=3ade9065
S	14155	TICK	sync_frame=14155	current_frame=14155	lcg=3ade9065	n=39,5,20,5,5,10,0,0,173	h0=5d1a6061	h1=cae15b38	h2=c7ded7a4	h3=d6196928	h4=575dc60a	h5=66fe34b0	h6=811c9dc5	h7=811c9dc5	hN=c117ead0	vcs=14154,14154,14154,14154,14154,14154,-,-
S	14156	LCG_TICK	lcg=b31eae73
S	14156	TICK	sync_frame=14156	current_frame=14156	lcg=b31eae73	n=39,5,20,5,5,10,0,0,173	h0=57f056db	h1=cfdb4121	h2=263500b4	h3=e3147cd8	h4=aea8a05d	h5=ae166e8e	h6=811c9dc5	h7=811c9dc5	hN=c117ead0	vcs=14155,14155,14155,14155,14155,14155,-,-
S	14157	LCG_TICK	lcg=d7c49e11
S	14157	TICK	sync_frame=14157	current_frame=14157	lcg=d7c49e11	n=39,5,20,5,5,10,0,0,173	h0=3606a728	h1=1a9a619b	h2=0680b726	h3=4c8cc7dd	h4=1c508508	h5=12648f2a	h6=811c9dc5	h7=811c9dc5	hN=c117ead0	vcs=14156,14156,14156,14156,14156,14156,-,-
S	14158	LCG_TICK	lcg=0e59c2bf
S	14158	TICK	sync_frame=14158	current_frame=14158	lcg=0e59c2bf	n=39,5,19,5,5,10,0,0,173	h0=ad8d28a9	h1=fec8564d	h2=554a7016	h3=8c5e8352	h4=5aab494b	h5=9a57d877	h6=811c9dc5	h7=811c9dc5	hN=c117ead0	vcs=14157,14157,14157,14157,14157,14157,-,-
S	14159	LCG_TICK	lcg=a7616e29
S	14159	TICK	sync_frame=14159	current_frame=14159	lcg=a7616e29	n=39,5,19,5,5,10,0,0,173	h0=fa19a882	h1=d16d853b	h2=e248f3c7	h3=1ef1c06e	h4=bc34f6d6	h5=eb1363b3	h6=811c9dc5	h7=811c9dc5	hN=c117ead0	vcs=14158,14158,14158,14158,14158,14158,-,-
S	14160	LCG_TICK	lcg=e3fd08c4
S	14160	TICK	sync_frame=14160	current_frame=14160	lcg=e3fd08c4	n=39,5,19,5,5,10,0,0,173	h0=1429ba9d	h1=930c8de1	h2=43f3dd1d	h3=b996385e	h4=ce0cf4f9	h5=31fefcdb	h6=811c9dc5	h7=811c9dc5	hN=c117ead0	vcs=14159,14159,14159,14159,14159,14159,-,-
S	14161	LCG_TICK	lcg=e0e4aa40
S	14161	TICK	sync_frame=14161	current_frame=14161	lcg=e0e4aa40	n=39,5,19,5,5,10,0,0,173	h0=716ef588	h1=e743b0db	h2=1a8578be	h3=1e507bfa	h4=065b2764	h5=86a4f113	h6=811c9dc5	h7=811c9dc5	hN=c117ead0	vcs=14160,14160,14160,14160,14160,14160,-,-
S	14162	LCG_TICK	lcg=86e69afc
S	14162	TICK	sync_frame=14162	current_frame=14162	lcg=86e69afc	n=39,5,19,5,5,10,0,0,173	h0=0992fd51	h1=4449b388	h2=92e653a0	h3=b5feba6a	h4=45282b47	h5=689518cc	h6=811c9dc5	h7=811c9dc5	hN=c117ead0	vcs=14161,14161,14161,14161,14161,14161,-,-
S	14163	LCG_TICK	lcg=3639f159
S	14163	TICK	sync_frame=14163	current_frame=14163	lcg=3639f159	n=39,5,19,5,5,10,0,0,173	h0=38effb9e	h1=18a6ab50	h2=b37082b3	h3=ad522fae	h4=fc97b562	h5=ec279e71	h6=811c9dc5	h7=811c9dc5	hN=c117ead0	vcs=14162,14162,14162,14162,14162,14162,-,-
S	14164	LCG_TICK	lcg=53845fd3
S	14164	TICK	sync_frame=14164	current_frame=14164	lcg=53845fd3	n=39,5,19,5,5,10,0,0,173	h0=4e14e86e	h1=d92e6745	h2=6d0af47c	h3=949d42e7	h4=d417197d	h5=f830c844	h6=811c9dc5	h7=811c9dc5	hN=c117ead0	vcs=14163,14163,14163,14163,14163,14163,-,-
S	14164	AGENT_SCHED_LOCAL	slot=0	vc_frame=14164	target_frame=14166	n_bytes=4	bytes=09,01,a4,0d
S	14164	AGENT_SCHED_SEND	slot=0	server_frame=14164	n_bytes=4	bytes=09,01,a4,0d
S	14164	AGENT_SCHED_LOCAL	slot=0	vc_frame=14164	target_frame=14166	n_bytes=11	bytes=15,00,00,00,00,78,0e,e4..
S	14164	AGENT_SCHED_SEND	slot=0	server_frame=14164	n_bytes=11	bytes=15,00,00,00,00,78,0e,e4..
S	14165	LCG_TICK	lcg=8145f61f
S	14165	TICK	sync_frame=14165	current_frame=14165	lcg=8145f61f	n=39,5,19,5,5,10,0,0,173	h0=1a857b2e	h1=6d0983ea	h2=75fab797	h3=60069155	h4=489bc610	h5=0dcd59b3	h6=811c9dc5	h7=811c9dc5	hN=c117ead0	vcs=14164,14164,14164,14164,14164,14164,-,-
S	14165	AGENT_SCHED_LOCAL	slot=0	vc_frame=14165	target_frame=14167	n_bytes=4	bytes=09,01,aa,0d
S	14165	AGENT_SCHED_SEND	slot=0	server_frame=14165	n_bytes=4	bytes=09,01,aa,0d
S	14165	AGENT_SCHED_LOCAL	slot=0	vc_frame=14165	target_frame=14167	n_bytes=8	bytes=0c,1f,2a,00,47,00,a3,00
S	14165	AGENT_SCHED_SEND	slot=0	server_frame=14165	n_bytes=8	bytes=0c,1f,2a,00,47,00,a3,00
S	14165	AGENT_SCHED_LOCAL	slot=0	vc_frame=14165	target_frame=14167	n_bytes=4	bytes=09,01,a7,0d
S	14165	AGENT_SCHED_SEND	slot=0	server_frame=14165	n_bytes=4	bytes=09,01,a7,0d
S	14165	AGENT_SCHED_LOCAL	slot=0	vc_frame=14165	target_frame=14167	n_bytes=11	bytes=15,00,00,00,00,ac,0d,e4..
S	14165	AGENT_SCHED_SEND	slot=0	server_frame=14165	n_bytes=11	bytes=15,00,00,00,00,ac,0d,e4..
S	14166	AGENT_APPLY	slot=0	sim_frame=14165	target_frame=14166	vc_frame=14165	lcg=8145f61f	n_bytes=4	bytes=09,01,a4,0d
S	14166	AGENT_APPLY	slot=0	sim_frame=14165	target_frame=14166	vc_frame=14165	lcg=8145f61f	n_bytes=11	bytes=15,00,00,00,00,78,0e,e4..
S	14166	LCG_TICK	lcg=ba5f666c
S	14166	TICK	sync_frame=14166	current_frame=14166	lcg=ba5f666c	n=39,5,19,5,5,10,0,0,173	h0=fee44f40	h1=7391a9bf	h2=bb0f0b94	h3=5465b1ce	h4=7fafbe43	h5=6ea08968	h6=811c9dc5	h7=811c9dc5	hN=c117ead0	vcs=14165,14165,14165,14165,14165,14165,-,-
S	14167	AGENT_APPLY	slot=0	sim_frame=14166	target_frame=14167	vc_frame=14166	lcg=ba5f666c	n_bytes=4	bytes=09,01,aa,0d
S	14167	AGENT_APPLY	slot=0	sim_frame=14166	target_frame=14167	vc_frame=14166	lcg=ba5f666c	n_bytes=8	bytes=0c,1f,2a,00,47,00,a3,00
S	14167	AGENT_APPLY	slot=0	sim_frame=14166	target_frame=14167	vc_frame=14166	lcg=ba5f666c	n_bytes=4	bytes=09,01,a7,0d
S	14167	AGENT_APPLY	slot=0	sim_frame=14166	target_frame=14167	vc_frame=14166	lcg=ba5f666c	n_bytes=11	bytes=15,00,00,00,00,ac,0d,e4..
S	14167	LCG_TICK	lcg=14ed1c5d
S	14167	TICK	sync_frame=14167	current_frame=14167	lcg=14ed1c5d	n=39,5,19,5,5,10,0,0,173	h0=debe81fa	h1=b5738801	h2=0a6bc2b1	h3=2fc0f6ce	h4=26bf9dae	h5=abe1d91e	h6=811c9dc5	h7=811c9dc5	hN=c117ead0	vcs=14166,14166,14166,14166,14166,14166,-,-
S	14168	LCG_TICK	lcg=950a22ab
S	14168	TICK	sync_frame=14168	current_frame=14168	lcg=950a22ab	n=39,5,19,5,5,10,0,0,173	h0=1b1d2414	h1=ab75ab67	h2=45bd43dd	h3=66c998aa	h4=b9bc8dc1	h5=5b4e1b57	h6=811c9dc5	h7=811c9dc5	hN=c117ead0	vcs=14167,14167,14167,14167,14167,14167,-,-
S	14169	LCG_TICK	lcg=f1b65fa4
S	14169	TICK	sync_frame=14169	current_frame=14169	lcg=f1b65fa4	n=39,5,19,5,5,10,0,0,173	h0=7e2057dd	h1=4e7bc38d	h2=9d8689c4	h3=58d1f6ba	h4=142d6d1a	h5=95fabc2b	h6=811c9dc5	h7=811c9dc5	hN=c117ead0	vcs=14168,14168,14168,14168,14168,14168,-,-
S	14170	LCG_TICK	lcg=63b12e83
S	14170	TICK	sync_frame=14170	current_frame=14170	lcg=63b12e83	n=39,5,19,5,5,10,0,0,173	h0=519539b1	h1=515ac927	h2=975082d6	h3=9de4483e	h4=a20c87a9	h5=ad5b7d6f	h6=811c9dc5	h7=811c9dc5	hN=c117ead0	vcs=14169,14169,14169,14169,14169,14169,-,-
S	14171	LCG_TICK	lcg=7ce88b20
S	14171	TICK	sync_frame=14171	current_frame=14171	lcg=7ce88b20	n=39,5,19,5,5,10,0,0,173	h0=5e56e333	h1=4ae66f41	h2=5dcbd5be	h3=3c9fd60e	h4=b6ab8e64	h5=13596b68	h6=811c9dc5	h7=811c9dc5	hN=c117ead0	vcs=14170,14170,14170,14170,14170,14170,-,-
S	14172	LCG_TICK	lcg=049ae5dc
S	14172	TICK	sync_frame=14172	current_frame=14172	lcg=049ae5dc	n=39,5,19,5,5,10,0,0,173	h0=27bfe23f	h1=8cae858f	h2=b4eae63c	h3=b363b12b	h4=b90db853	h5=c1ec7192	h6=811c9dc5	h7=811c9dc5	hN=c117ead0	vcs=14171,14171,14171,14171,14171,14171,-,-
S	14173	LCG_TICK	lcg=83e903b9
S	14173	TICK	sync_frame=14173	current_frame=14173	lcg=83e903b9	n=39,5,19,5,5,10,0,0,173	h0=9b18b140	h1=cae15b38	h2=f6e4f5b7	h3=d6196928	h4=bd30ca0b	h5=be868956	h6=811c9dc5	h7=811c9dc5	hN=c117ead0	vcs=14172,14172,14172,14172,14172,14172,-,-
S	14174	LCG_TICK	lcg=b7cc2aaa
S	14174	TICK	sync_frame=14174	current_frame=14174	lcg=b7cc2aaa	n=39,5,19,5,5,10,0,0,173	h0=0bc9b460	h1=cfdb4121	h2=cbce1008	h3=e3147cd8	h4=f55c4cbc	h5=7100a0dc	h6=811c9dc5	h7=811c9dc5	hN=c117ead0	vcs=14173,14173,14173,14173,14173,14173,-,-
S	14175	LCG_TICK	lcg=f8de3ad1
S	14175	TICK	sync_frame=14175	current_frame=14175	lcg=f8de3ad1	n=39,5,19,5,5,10,0,0,173	h0=8a8aab6a	h1=1a9a619b	h2=70795f49	h3=4c8cc7dd	h4=9fbdb1f1	h5=9b20135c	h6=811c9dc5	h7=811c9dc5	hN=c117ead0	vcs=14174,14174,14174,14174,14174,14174,-,-
S	14176	LCG_TICK	lcg=30f8194c
S	14176	TICK	sync_frame=14176	current_frame=14176	lcg=30f8194c	n=39,5,19,5,5,10,0,0,173	h0=ea0f42a9	h1=fec8564d	h2=29bba06c	h3=8c5e8352	h4=65d4eb7a	h5=ba8cc5d5	h6=811c9dc5	h7=811c9dc5	hN=c117ead0	vcs=14175,14175,14175,14175,14175,14175,-,-
S	14177	LCG_TICK	lcg=ebca64bd
S	14177	TICK	sync_frame=14177	current_frame=14177	lcg=ebca64bd	n=39,5,19,5,5,10,0,0,173	h0=4af042e0	h1=d16d853b	h2=4559bd88	h3=1ef1c06e	h4=17a806bf	h5=5b72c144	h6=811c9dc5	h7=811c9dc5	hN=c117ead0	vcs=14176,14176,14176,14176,14176,14176,-,-
S	14178	LCG_TICK	lcg=ebf878d7
S	14178	TICK	sync_frame=14178	current_frame=14178	lcg=ebf878d7	n=39,5,19,5,5,10,0,0,173	h0=6a358659	h1=930c8de1	h2=be208710	h3=b996385e	h4=67d73ec0	h5=fb95cccc	h6=811c9dc5	h7=811c9dc5	hN=c117ead0	vcs=14177,14177,14177,14177,14177,14177,-,-
S	14179	LCG_TICK	lcg=89381155
S	14179	TICK	sync_frame=14179	current_frame=14179	lcg=89381155	n=39,5,19,5,5,10,0,0,173	h0=f29a286f	h1=e743b0db	h2=b6f8820c	h3=1e507bfa	h4=0d703a25	h5=889bab26	h6=811c9dc5	h7=811c9dc5	hN=c117ead0	vcs=14178,14178,14178,14178,14178,14178,-,-
S	14180	LCG_TICK	lcg=89381155
S	14180	TICK	sync_frame=14180	current_frame=14180	lcg=89381155	n=39,5,19,5,5,10,0,0,173	h0=6a7e5330	h1=4449b388	h2=398d449b	h3=b5feba6a	h4=d71dc79e	h5=2dad8057	h6=811c9dc5	h7=811c9dc5	hN=c117ead0	vcs=14179,14179,14179,14179,14179,14179,-,-
S	14181	LCG_TICK	lcg=2efdb7e3
S	14181	TICK	sync_frame=14181	current_frame=14181	lcg=2efdb7e3	n=39,5,19,5,5,10,0,0,173	h0=790e00cd	h1=18a6ab50	h2=2b3d969b	h3=ad522fae	h4=68a09563	h5=b0b839d6	h6=811c9dc5	h7=811c9dc5	hN=c117ead0	vcs=14180,14180,14180,14180,14180,14180,-,-
S	14182	LCG_TICK	lcg=641600bc
S	14182	TICK	sync_frame=14182	current_frame=14182	lcg=641600bc	n=39,5,19,5,5,10,0,0,173	h0=5609b4c5	h1=d92e6745	h2=2a138de1	h3=949d42e7	h4=05ebc354	h5=2552ae3e	h6=811c9dc5	h7=811c9dc5	hN=c117ead0	vcs=14181,14181,14181,14181,14181,14181,-,-
S	14183	LCG_TICK	lcg=7eb42619
S	14183	TICK	sync_frame=14183	current_frame=14183	lcg=7eb42619	n=39,5,19,5,5,11,0,0,173	h0=c3b1caee	h1=6d0983ea	h2=860a048e	h3=60069155	h4=46a2ab05	h5=a932c14b	h6=811c9dc5	h7=811c9dc5	hN=c117ead0	vcs=14182,14182,14182,14182,14182,14182,-,-
S	14184	LCG_TICK	lcg=0c9667f4
S	14184	TICK	sync_frame=14184	current_frame=14184	lcg=0c9667f4	n=40,5,19,5,5,11,0,0,173	h0=5bc1ca98	h1=7391a9bf	h2=42d06cf8	h3=5465b1ce	h4=f62622bc	h5=abff636b	h6=811c9dc5	h7=811c9dc5	hN=c117ead0	vcs=14183,14183,14183,14183,14183,14183,-,-
S	14185	LCG_TICK	lcg=10b1628a
S	14185	TICK	sync_frame=14185	current_frame=14185	lcg=10b1628a	n=39,5,19,5,5,11,0,0,173	h0=f6bdf069	h1=b5738801	h2=e3fbf6ce	h3=2fc0f6ce	h4=11260183	h5=1fe608bd	h6=811c9dc5	h7=811c9dc5	hN=c117ead0	vcs=14184,14184,14184,14184,14184,14184,-,-
S	14185	AGENT_SCHED_LOCAL	slot=5	vc_frame=14185	target_frame=14187	n_bytes=4	bytes=09,01,a3,0d
S	14185	AGENT_SCHED_SEND	slot=5	server_frame=14185	n_bytes=4	bytes=09,01,a3,0d
S	14185	AGENT_SCHED_LOCAL	slot=5	vc_frame=14185	target_frame=14187	n_bytes=11	bytes=15,00,00,00,00,39,0e,e4..
S	14185	AGENT_SCHED_SEND	slot=5	server_frame=14185	n_bytes=11	bytes=15,00,00,00,00,39,0e,e4..
S	14186	LCG_TICK	lcg=b08d8270
S	14186	TICK	sync_frame=14186	current_frame=14186	lcg=b08d8270	n=39,5,19,5,5,11,0,0,173	h0=ae0eb99c	h1=ab75ab67	h2=5c4eff31	h3=66c998aa	h4=651e5eb8	h5=7071f033	h6=811c9dc5	h7=811c9dc5	hN=c117ead0	vcs=14185,14185,14185,14185,14185,14185,-,-
S	14187	AGENT_APPLY	slot=5	sim_frame=14186	target_frame=14187	vc_frame=14186	lcg=b08d8270	n_bytes=4	bytes=09,01,a3,0d
S	14187	AGENT_APPLY	slot=5	sim_frame=14186	target_frame=14187	vc_frame=14186	lcg=b08d8270	n_bytes=11	bytes=15,00,00,00,00,39,0e,e4..
S	14187	LCG_TICK	lcg=364fcd26
S	14187	TICK	sync_frame=14187	current_frame=14187	lcg=364fcd26	n=39,5,19,5,5,11,0,0,173	h0=49578bb6	h1=4e7bc38d	h2=8a6b81de	h3=58d1f6ba	h4=740d2d7c	h5=e07e1409	h6=811c9dc5	h7=811c9dc5	hN=c117ead0	vcs=14186,14186,14186,14186,14186,14186,-,-
S	14188	LCG_TICK	lcg=5383fd02
S	14188	TICK	sync_frame=14188	current_frame=14188	lcg=5383fd02	n=39,5,19,5,5,11,0,0,173	h0=371c1817	h1=515ac927	h2=d630fff0	h3=9de4483e	h4=f6d365b7	h5=00aab1e3	h6=811c9dc5	h7=811c9dc5	hN=c117ead0	vcs=14187,14187,14187,14187,14187,14187,-,-
S	14189	LCG_TICK	lcg=a55fbd49
S	14189	TICK	sync_frame=14189	current_frame=14189	lcg=a55fbd49	n=39,5,19,5,5,11,0,0,173	h0=cb7919f8	h1=4ae66f41	h2=33580abc	h3=3c9fd60e	h4=06da7ec0	h5=a4b3d6fe	h6=811c9dc5	h7=811c9dc5	hN=c117ead0	vcs=14188,14188,14188,14188,14188,14188,-,-
S	14190	LCG_TICK	lcg=cf77f037
S	14190	TICK	sync_frame=14190	current_frame=14190	lcg=cf77f037	n=39,5,19,5,5,11,0,0,173	h0=8405cac7	h1=8cae858f	h2=6929a4b4	h3=b363b12b	h4=90379ee4	h5=c69cb2fd	h6=811c9dc5	h7=811c9dc5	hN=c117ead0	vcs=14189,14189,14189,14189,14189,14189,-,-
S	14191	LCG_TICK	lcg=e94d6db5
S	14191	TICK	sync_frame=14191	current_frame=14191	lcg=e94d6db5	n=39,5,19,5,5,11,0,0,173	h0=a6cd303b	h1=cae15b38	h2=27aab50b	h3=d6196928	h4=1e2721bb	h5=419d471b	h6=811c9dc5	h7=811c9dc5	hN=c117ead0	vcs=14190,14190,14190,14190,14190,14190,-,-
S	14192	LCG_TICK	lcg=6d565a61
S	14192	TICK	sync_frame=14192	current_frame=14192	lcg=6d565a61	n=39,5,19,5,5,11,0,0,173	h0=be3c789e	h1=cfdb4121	h2=41639e05	h3=e3147cd8	h4=7da61636	h5=5ddfcd4e	h6=811c9dc5	h7=811c9dc5	hN=c117ead0	vcs=14191,14191,14191,14191,14191,14191,-,-
S	14193	LCG_TICK	lcg=03184e1b
S	14193	TICK	sync_frame=14193	current_frame=14193	lcg=03184e1b	n=39,5,19,5,5,11,0,0,173	h0=c0766bc3	h1=1a9a619b	h2=5a88fb13	h3=4c8cc7dd	h4=fc80ab8e	h5=f853a10b	h6=811c9dc5	h7=811c9dc5	hN=c117ead0	vcs=14192,14192,14192,14192,14192,14192,-,-
S	14194	LCG_TICK	lcg=03602f0e
S	14194	TICK	sync_frame=14194	current_frame=14194	lcg=03602f0e	n=39,5,20,5,5,11,0,0,173	h0=574f83e9	h1=fec8564d	h2=86444c9e	h3=8c5e8352	h4=25ec7b13	h5=be283b44	h6=811c9dc5	h7=811c9dc5	hN=c117ead0	vcs=14193,14193,14193,14193,14193,14193,-,-
S	14195	LCG_TICK	lcg=e5e6c6d4
S	14195	TICK	sync_frame=14195	current_frame=14195	lcg=e5e6c6d4	n=39,5,20,5,5,11,0,0,173	h0=1fe6257b	h1=d16d853b	h2=0ef6f7d8	h3=1ef1c06e	h4=e91c57ee	h5=44d75b6a	h6=811c9dc5	h7=811c9dc5	hN=c117ead0	vcs=14194,14194,14194,14194,14194,14194,-,-
S	14196	LCG_TICK	lcg=62bcea6a
S	14196	TICK	sync_frame=14196	current_frame=14196	lcg=62bcea6a	n=39,5,20,5,5,11,0,0,173	h0=977875df	h1=930c8de1	h2=8191f385	h3=b996385e	h4=544fdf2a	h5=26353e73	h6=811c9dc5	h7=811c9dc5	hN=c117ead0	vcs=14195,14195,14195,14195,14195,14195,-,-
S	14197	LCG_TICK	lcg=b869eb50
S	14197	TICK	sync_frame=14197	current_frame=14197	lcg=b869eb50	n=39,5,20,5,5,11,0,0,173	h0=cfd86026	h1=e743b0db	h2=6f901479	h3=1e507bfa	h4=faaa0a74	h5=dd8ec8b8	h6=811c9dc5	h7=811c9dc5	hN=c117ead0	vcs=14196,14196,14196,14196,14196,14196,-,-
S	14198	LCG_TICK	lcg=76c3f03f
S	14198	TICK	sync_frame=14198	current_frame=14198	lcg=76c3f03f	n=39,5,20,5,5,11,0,0,173	h0=8b0f4cb7	h1=4449b388	h2=c94ecc21	h3=b5feba6a	h4=5ca3acbf	h5=d0a5c8f3	h6=811c9dc5	h7=811c9dc5	hN=c117ead0	vcs=14197,14197,14197,14197,14197,14197,-,-
S	14199	LCG_TICK	lcg=31e22e08
S	14199	TICK	sync_frame=14199	current_frame=14199	lcg=31e22e08	n=39,5,20,5,5,11,0,0,173	h0=a1350792	h1=18a6ab50	h2=8f6ba7d8	h3=ad522fae	h4=d7e95238	h5=e269c396	h6=811c9dc5	h7=811c9dc5	hN=c117ead0	vcs=14198,14198,14198,14198,14198,14198,-,-
S	14200	LCG_TICK	lcg=74a9f7a9
S	14200	TICK	sync_frame=14200	current_frame=14200	lcg=74a9f7a9	n=39,5,20,5,5,11,0,0,173	h0=fa91d283	h1=d92e6745	h2=8c6d0a2b	h3=949d42e7	h4=e70690e2	h5=5d3ef719	h6=811c9dc5	h7=811c9dc5	hN=c117ead0	vcs=14199,14199,14199,14199,14199,14199,-,-
S	14201	LCG_TICK	lcg=51374444
S	14201	TICK	sync_frame=14201	current_frame=14201	lcg=51374444	n=39,5,20,5,5,11,0,0,173	h0=a937c1a8	h1=6d0983ea	h2=dbc865f1	h3=60069155	h4=3ccef8e4	h5=c6d46ea5	h6=811c9dc5	h7=811c9dc5	hN=c117ead0	vcs=14200,14200,14200,14200,14200,14200,-,-
S	14202	LCG_TICK	lcg=c5730dc0
S	14202	TICK	sync_frame=14202	current_frame=14202	lcg=c5730dc0	n=39,5,20,5,5,11,0,0,173	h0=551c854b	h1=7391a9bf	h2=7b98fce1	h3=5465b1ce	h4=5997e46a	h5=f5a24505	h6=811c9dc5	h7=811c9dc5	hN=c117ead0	vcs=14201,14201,14201,14201,14201,14201,-,-
S	14203	LCG_TICK	lcg=97b43fad
S	14203	TICK	sync_frame=14203	current_frame=14203	lcg=97b43fad	n=39,5,20,5,5,11,0,0,173	h0=c257a206	h1=b5738801	h2=dd4671ce	h3=2fc0f6ce	h4=2e1f0613	h5=49405f6f	h6=811c9dc5	h7=811c9dc5	hN=c117ead0	vcs=14202,14202,14202,14202,14202,14202,-,-
S	14204	LCG_TICK	lcg=e3185b7b
S	14204	TICK	sync_frame=14204	current_frame=14204	lcg=e3185b7b	n=39,5,20,5,5,11,0,0,173	h0=e4cf1f62	h1=ab75ab67	h2=7045433c	h3=66c998aa	h4=a8654491	h5=5400c8ce	h6=811c9dc5	h7=811c9dc5	hN=c117ead0	vcs=14203,14203,14203,14203,14203,14203,-,-
S	14205	LCG_TICK	lcg=62fe9ad9
S	14205	TICK	sync_frame=14205	current_frame=14205	lcg=62fe9ad9	n=39,5,20,5,5,11,0,0,173	h0=e032be4a	h1=4e7bc38d	h2=553a56b8	h3=58d1f6ba	h4=069b8846	h5=edb692e0	h6=811c9dc5	h7=811c9dc5	hN=c117ead0	vcs=14204,14204,14204,14204,14204,14204,-,-
S	14206	LCG_TICK	lcg=4b8bf5b4
S	14206	TICK	sync_frame=14206	current_frame=14206	lcg=4b8bf5b4	n=39,5,20,5,5,11,0,0,173	h0=890f8bfb	h1=515ac927	h2=a4f66865	h3=9de4483e	h4=36b2dc63	h5=9c7cc716	h6=811c9dc5	h7=811c9dc5	hN=c117ead0	vcs=14205,14205,14205,14205,14205,14205,-,-
S	14207	LCG_TICK	lcg=9cb81df1
S	14207	TICK	sync_frame=14207	current_frame=14207	lcg=9cb81df1	n=39,5,19,5,5,11,0,0,173	h0=600fd54f	h1=4ae66f41	h2=647f0694	h3=3c9fd60e	h4=dcc5c0e6	h5=32cfc78b	h6=811c9dc5	h7=811c9dc5	hN=c117ead0	vcs=14206,14206,14206,14206,14206,14206,-,-
S	14208	LCG_TICK	lcg=cd009ddd
S	14208	TICK	sync_frame=14208	current_frame=14208	lcg=cd009ddd	n=39,5,19,5,5,11,0,0,173	h0=6ef284e5	h1=8cae858f	h2=63888c17	h3=b363b12b	h4=b2b7ecbf	h5=d4dac998	h6=811c9dc5	h7=811c9dc5	hN=c117ead0	vcs=14207,14207,14207,14207,14207,14207,-,-
S	14209	LCG_TICK	lcg=fdec04c2
S	14209	TICK	sync_frame=14209	current_frame=14209	lcg=fdec04c2	n=39,5,19,5,5,11,0,0,173	h0=b50dea1f	h1=cae15b38	h2=88fb0dfd	h3=d6196928	h4=a245943e	h5=4150eb8a	h6=811c9dc5	h7=811c9dc5	hN=c117ead0	vcs=14208,14208,14208,14208,14208,14208,-,-
S	14210	LCG_TICK	lcg=41d41ae8
S	14210	TICK	sync_frame=14210	current_frame=14210	lcg=41d41ae8	n=39,5,19,5,5,11,0,0,173	h0=37b977ba	h1=cfdb4121	h2=51077d8d	h3=e3147cd8	h4=0b86f8a7	h5=1b668d1c	h6=811c9dc5	h7=811c9dc5	hN=c117ead0	vcs=14209,14209,14209,14209,14209,14209,-,-
S	14211	LCG_TICK	lcg=95f269de
S	14211	TICK	sync_frame=14211	current_frame=14211	lcg=95f269de	n=39,5,19,5,5,11,0,0,173	h0=1d8e39ce	h1=1a9a619b	h2=ff6db133	h3=4c8cc7dd	h4=18af0350	h5=642a5f12	h6=811c9dc5	h7=811c9dc5	hN=c117ead0	vcs=14210,14210,14210,14210,14210,14210,-,-
S	14212	LCG_TICK	lcg=d852b403
S	14212	TICK	sync_frame=14212	current_frame=14212	lcg=d852b403	n=39,5,19,5,5,11,0,0,173	h0=4a523284	h1=fec8564d	h2=8c7a57c1	h3=8c5e8352	h4=4960e764	h5=4f7c8a4f	h6=811c9dc5	h7=811c9dc5	hN=c117ead0	vcs=14211,14211,14211,14211,14211,14211,-,-
S	14213	LCG_TICK	lcg=cfbc6721
S	14213	TICK	sync_frame=14213	current_frame=14213	lcg=cfbc6721	n=39,5,19,5,5,11,0,0,173	h0=66705d1b	h1=d16d853b	h2=3ced8e25	h3=1ef1c06e	h4=7fa196c1	h5=39cf48be	h6=811c9dc5	h7=811c9dc5	hN=c117ead0	vcs=14212,14212,14212,14212,14212,14212,-,-
S	14214	LCG_TICK	lcg=d667b34f
S	14214	TICK	sync_frame=14214	current_frame=14214	lcg=d667b34f	n=39,5,19,5,5,11,0,0,173	h0=3d5967e1	h1=930c8de1	h2=6ad9a979	h3=b996385e	h4=86b41271	h5=5319f455	h6=811c9dc5	h7=811c9dc5	hN=c117ead0	vcs=14213,14213,14213,14213,14213,14213,-,-
S	14215	LCG_TICK	lcg=b990f8db
S	14215	TICK	sync_frame=14215	current_frame=14215	lcg=b990f8db	n=39,5,19,5,5,11,0,0,173	h0=9cf2622b	h1=e743b0db	h2=8a9ac497	h3=1e507bfa	h4=abcfa21e	h5=a6db998a	h6=811c9dc5	h7=811c9dc5	hN=c117ead0	vcs=14214,14214,14214,14214,14214,14214,-,-
S	14215	AGENT_SCHED_LOCAL	slot=2	vc_frame=14215	target_frame=14217	n_bytes=4	bytes=09,01,a2,0d
S	14215	AGENT_SCHED_SEND	slot=2	server_frame=14215	n_bytes=4	bytes=09,01,a2,0d
S	14215	AGENT_SCHED_LOCAL	slot=2	vc_frame=14215	target_frame=14217	n_bytes=11	bytes=15,00,00,00,00,58,0e,e4..
S	14215	AGENT_SCHED_SEND	slot=2	server_frame=14215	n_bytes=11	bytes=15,00,00,00,00,58,0e,e4..
S	14216	LCG_TICK	lcg=7ea0baa5
S	14216	TICK	sync_frame=14216	current_frame=14216	lcg=7ea0baa5	n=39,5,19,5,5,11,0,0,173	h0=4c80eda2	h1=4449b388	h2=b3112397	h3=b5feba6a	h4=00e21de2	h5=be572543	h6=811c9dc5	h7=811c9dc5	hN=c117ead0	vcs=14215,14215,14215,14215,14215,14215,-,-
S	14217	AGENT_APPLY	slot=2	sim_frame=14216	target_frame=14217	vc_frame=14216	lcg=7ea0baa5	n_bytes=4	bytes=09,01,a2,0d
S	14217	AGENT_APPLY	slot=2	sim_frame=14216	target_frame=14217	vc_frame=14216	lcg=7ea0baa5	n_bytes=11	bytes=15,00,00,00,00,58,0e,e4..
S	14217	LCG_TICK	lcg=816e2d10
S	14217	TICK	sync_frame=14217	current_frame=14217	lcg=816e2d10	n=39,5,19,5,5,11,0,0,173	h0=c00dd4dc	h1=18a6ab50	h2=9e135872	h3=ad522fae	h4=30dde023	h5=aa9c9f4e	h6=811c9dc5	h7=811c9dc5	hN=c117ead0	vcs=14216,14216,14216,14216,14216,14216,-,-
S	14218	LCG_TICK	lcg=452a3451
S	14218	TICK	sync_frame=14218	current_frame=14218	lcg=452a3451	n=39,5,19,5,5,11,0,0,173	h0=6de84744	h1=d92e6745	h2=f0024119	h3=949d42e7	h4=f94c1593	h5=ece7b6ea	h6=811c9dc5	h7=811c9dc5	hN=c117ead0	vcs=14217,14217,14217,14217,14217,14217,-,-
S	14219	LCG_TICK	lcg=e32782c6
S	14219	TICK	sync_frame=14219	current_frame=14219	lcg=e32782c6	n=39,5,19,5,5,11,0,0,173	h0=65f327a9	h1=6d0983ea	h2=b634f70d	h3=60069155	h4=24825dec	h5=233e5812	h6=811c9dc5	h7=811c9dc5	hN=c117ead0	vcs=14218,14218,14218,14218,14218,14218,-,-
S	14220	LCG_TICK	lcg=e32782c6
S	14220	TICK	sync_frame=14220	current_frame=14220	lcg=e32782c6	n=39,5,19,5,5,11,0,0,173	h0=8e41b1e4	h1=7391a9bf	h2=3d7a89fd	h3=5465b1ce	h4=e29f6c48	h5=13db9852	h6=811c9dc5	h7=811c9dc5	hN=c117ead0	vcs=14219,14219,14219,14219,14219,14219,-,-
S	14221	LCG_TICK	lcg=8c4a80a2
S	14221	TICK	sync_frame=14221	current_frame=14221	lcg=8c4a80a2	n=40,5,19,5,5,11,0,0,173	h0=3c57dad1	h1=b5738801	h2=b6f03b2f	h3=2fc0f6ce	h4=5a7cab7d	h5=4643dbd1	h6=811c9dc5	h7=811c9dc5	hN=c117ead0	vcs=14220,14220,14220,14220,14220,14220,-,-
S	14222	LCG_TICK	lcg=1c885fbe
S	14222	TICK	sync_frame=14222	current_frame=14222	lcg=1c885fbe	n=39,5,19,5,5,11,0,0,173	h0=9f1219ab	h1=ab75ab67	h2=c165faa5	h3=66c998aa	h4=64909d95	h5=05cfbc41	h6=811c9dc5	h7=811c9dc5	hN=c117ead0	vcs=14221,14221,14221,14221,14221,14221,-,-
S	14223	LCG_TICK	lcg=1d397d63
S	14223	TICK	sync_frame=14223	current_frame=14223	lcg=1d397d63	n=39,5,20,5,5,11,0,0,173	h0=1e0a55b2	h1=4e7bc38d	h2=9c8eb8b5	h3=58d1f6ba	h4=b7b4cc12	h5=a49a807e	h6=811c9dc5	h7=811c9dc5	hN=c117ead0	vcs=14222,14222,14222,14222,14222,14222,-,-
S	14224	LCG_TICK	lcg=a7268c3c
S	14224	TICK	sync_frame=14224	current_frame=14224	lcg=a7268c3c	n=39,5,20,5,5,11,0,0,173	h0=ad8622f8	h1=515ac927	h2=8d7d415c	h3=9de4483e	h4=5072e72e	h5=1fb67786	h6=811c9dc5	h7=811c9dc5	hN=c117ead0	vcs=14223,14223,14223,14223,14223,14223,-,-
S	14225	LCG_TICK	lcg=e2cd506d
S	14225	TICK	sync_frame=14225	current_frame=14225	lcg=e2cd506d	n=39,5,20,5,5,11,0,0,173	h0=fb6d8d43	h1=4ae66f41	h2=b00ff7f0	h3=3c9fd60e	h4=7e31023f	h5=b811a579	h6=811c9dc5	h7=811c9dc5	hN=c117ead0	vcs=14224,14224,14224,14224,14224,14224,-,-
S	14226	LCG_TICK	lcg=fd5e2007
S	14226	TICK	sync_frame=14226	current_frame=14226	lcg=fd5e2007	n=39,5,20,5,5,11,0,0,173	h0=bcafd89d	h1=8cae858f	h2=6239af31	h3=b363b12b	h4=6f04e667	h5=d32bfdfb	h6=811c9dc5	h7=811c9dc5	hN=c117ead0	vcs=14225,14225,14225,14225,14225,14225,-,-
S	14227	LCG_TICK	lcg=93f5620a
S	14227	TICK	sync_frame=14227	current_frame=14227	lcg=93f5620a	n=39,5,20,5,5,11,0,0,173	h0=fbc59833	h1=cae15b38	h2=74eb0d08	h3=d6196928	h4=9c9ed8ef	h5=cbc379f8	h6=811c9dc5	h7=811c9dc5	hN=c117ead0	vcs=14226,14226,14226,14226,14226,14226,-,-
S	14228	LCG_TICK	lcg=a18605f0
S	14228	TICK	sync_frame=14228	current_frame=14228	lcg=a18605f0	n=39,5,20,5,5,11,0,0,173	h0=656ce5fb	h1=cfdb4121	h2=7c317946	h3=e3147cd8	h4=92120a3f	h5=682e3586	h6=811c9dc5	h7=811c9dc5	hN=c117ead0	vcs=14227,14227,14227,14227,14227,14227,-,-
S	14229	LCG_TICK	lcg=a18605f0
S	14229	TICK	sync_frame=14229	current_frame=14229	lcg=a18605f0	n=39,5,20,5,5,11,0,0,173	h0=0fade123	h1=1a9a619b	h2=2eb5fad3	h3=4c8cc7dd	h4=7ac697e2	h5=db7db9de	h6=811c9dc5	h7=811c9dc5	hN=c117ead0	vcs=14228,14228,14228,14228,14228,14228,-,-
S	14230	LCG_TICK	lcg=4cee5ab1
S	14230	TICK	sync_frame=14230	current_frame=14230	lcg=4cee5ab1	n=39,5,20,5,5,11,0,0,173	h0=ef9993ac	h1=fec8564d	h2=940a89d0	h3=8c5e8352	h4=19eaf122	h5=a50012c7	h6=811c9dc5	h7=811c9dc5	hN=c117ead0	vcs=14229,14229,14229,14229,14229,14229,-,-
S	14231	LCG_TICK	lcg=3f18be9d
S	14231	TICK	sync_frame=14231	current_frame=14231	lcg=3f18be9d	n=39,5,20,5,5,11,0,0,173	h0=d03bbfc7	h1=d16d853b	h2=57bd9b40	h3=1ef1c06e	h4=4dbb7c9f	h5=b3e3a466	h6=811c9dc5	h7=811c9dc5	hN=c117ead0	vcs=14230,14230,14230,14230,14230,14230,-,-
S	14232	LCG_TICK	lcg=d23906c9
S	14232	TICK	sync_frame=14232	current_frame=14232	lcg=d23906c9	n=39,5,20,5,5,11,0,0,173	h0=a34e5c37	h1=930c8de1	h2=65f5332d	h3=b996385e	h4=0e1fd5ed	h5=796daa50	h6=811c9dc5	h7=811c9dc5	hN=c117ead0	vcs=14231,14231,14231,14231,14231,14231,-,-
S	14233	LCG_TICK	lcg=69816db7
S	14233	TICK	sync_frame=14233	current_frame=14233	lcg=69816db7	n=39,5,20,5,5,11,0,0,173	h0=f20d2f1b	h1=e743b0db	h2=accdf7a3	h3=1e507bfa	h4=76f5865a	h5=55f640d1	h6=811c9dc5	h7=811c9dc5	hN=c117ead0	vcs=14232,14232,14232,14232,14232,14232,-,-
S	14234	LCG_TICK	lcg=4202d6c3
S	14234	TICK	sync_frame=14234	current_frame=14234	lcg=4202d6c3	n=39,5,20,5,5,11,0,0,173	h0=ced073fb	h1=4449b388	h2=5aa6cb20	h3=b5feba6a	h4=6ee047ea	h5=fad77f35	h6=811c9dc5	h7=811c9dc5	hN=c117ead0	vcs=14233,14233,14233,14233,14233,14233,-,-
S	14235	LCG_TICK	lcg=f688da0f
S	14235	TICK	sync_frame=14235	current_frame=14235	lcg=f688da0f	n=39,5,20,5,5,11,0,0,173	h0=e995bc28	h1=18a6ab50	h2=f09fb6a4	h3=ad522fae	h4=3b58d196	h5=77c6b094	h6=811c9dc5	h7=811c9dc5	hN=c117ead0	vcs=14234,14234,14234,14234,14234,14234,-,-
S	14236	LCG_TICK	lcg=30286254
S	14236	TICK	sync_frame=14236	current_frame=14236	lcg=30286254	n=39,5,20,5,5,11,0,0,173	h0=8ca6370a	h1=d92e6745	h2=074f948a	h3=949d42e7	h4=a2929255	h5=39f49058	h6=811c9dc5	h7=811c9dc5	hN=c117ead0	vcs=14235,14235,14235,14235,14235,14235,-,-
S	14237	LCG_TICK	lcg=72ca29ea
S	14237	TICK	sync_frame=14237	current_frame=14237	lcg=72ca29ea	n=39,5,20,5,5,11,0,0,173	h0=a3cd8d50	h1=6d0983ea	h2=4e5efe47	h3=60069155	h4=b03da8b3	h5=423c5bff	h6=811c9dc5	h7=811c9dc5	hN=c117ead0	vcs=14236,14236,14236,14236,14236,14236,-,-
S	14238	LCG_TICK	lcg=0f471dbf
S	14238	TICK	sync_frame=14238	current_frame=14238	lcg=0f471dbf	n=39,5,20,5,5,10,0,0,173	h0=eb7411c5	h1=7391a9bf	h2=540a8022	h3=5465b1ce	h4=c3930b6f	h5=4759c0e3	h6=811c9dc5	h7=811c9dc5	hN=c117ead0	vcs=14237,14237,14237,14237,14237,14237,-,-
S	14239	LCG_TICK	lcg=285c66fd
S	14239	TICK	sync_frame=14239	current_frame=14239	lcg=285c66fd	n=39,5,20,5,5,10,0,0,173	h0=6f3e9be8	h1=b5738801	h2=0c28e65a	h3=2fc0f6ce	h4=ab5639ed	h5=62c4c38c	h6=811c9dc5	h7=811c9dc5	hN=c117ead0	vcs=14238,14238,14238,14238,14238,14238,-,-
S	14240	LCG_TICK	lcg=e85b784b
S	14240	TICK	sync_frame=14240	current_frame=14240	lcg=e85b784b	n=39,5,20,5,5,10,0,0,173	h0=490bb822	h1=ab75ab67	h2=79a9cc6e	h3=66c998aa	h4=0d28ce76	h5=e64b529c	h6=811c9dc5	h7=811c9dc5	hN=c117ead0	vcs=14239,14239,14239,14239,14239,14239,-,-
S	14241	LCG_TICK	lcg=bd738129
S	14241	TICK	sync_frame=14241	current_frame=14241	lcg=bd738129	n=39,5,20,5,5,10,0,0,173	h0=a54f02e3	h1=4e7bc38d	h2=207d6783	h3=58d1f6ba	h4=7bb37d28	h5=7bb74adb	h6=811c9dc5	h7=811c9dc5	hN=c117ead0	vcs=14240,14240,14240,14240,14240,14240,-,-
S	14242	LCG_TICK	lcg=fbae3b7e
S	14242	TICK	sync_frame=14242	current_frame=14242	lcg=fbae3b7e	n=39,5,20,5,5,10,0,0,173	h0=e8426980	h1=515ac927	h2=08b44388	h3=9de4483e	h4=0ed92a27	h5=0c667e6e	h6=811c9dc5	h7=811c9dc5	hN=c117ead0	vcs=14241,14241,14241,14241,14241,14241,-,-
S	14243	LCG_TICK	lcg=c42ef241
S	14243	TICK	sync_frame=14243	current_frame=14243	lcg=c42ef241	n=39,5,21,5,5,10,0,0,173	h0=52e79f41	h1=4ae66f41	h2=e6c35aff	h3=3c9fd60e	h4=c974fd01	h5=4784f59a	h6=811c9dc5	h7=811c9dc5	hN=c117ead0	vcs=14242,14242,14242,14242,14242,14242,-,-
S	14244	LCG_TICK	lcg=87be30fb
S	14244	TICK	sync_frame=14244	current_frame=14244	lcg=87be30fb	n=39,5,21,5,5,10,0,0,173	h0=a542b1e9	h1=8cae858f	h2=11bf0191	h3=b363b12b	h4=e0e86796	h5=fb2a0043	h6=811c9dc5	h7=811c9dc5	hN=c117ead0	vcs=14243,14243,14243,14243,14243,14243,-,-
S	14245	LCG_TICK	lcg=94d0d134
S	14245	TICK	sync_frame=14245	current_frame=14245	lcg=94d0d134	n=39,5,20,5,5,10,0,0,173	h0=5b254a37	h1=cae15b38	h2=78398bcc	h3=d6196928	h4=78d686dc	h5=831b9feb	h6=811c9dc5	h7=811c9dc5	hN=c117ead0	vcs=14244,14244,14244,14244,14244,14244,-,-
S	14246	LCG_TICK	lcg=ccde2ad3
S	14246	TICK	sync_frame=14246	current_frame=14246	lcg=ccde2ad3	n=39,5,20,5,5,10,0,0,173	h0=b4562064	h1=cfdb4121	h2=814fb4cc	h3=e3147cd8	h4=1baeeb35	h5=4eb12f2e	h6=811c9dc5	h7=811c9dc5	hN=c117ead0	vcs=14245,14245,14245,14245,14245,14245,-,-
S	14247	LCG_TICK	lcg=0bc70866
S	14247	TICK	sync_frame=14247	current_frame=14247	lcg=0bc70866	n=39,5,20,5,5,10,0,0,173	h0=3690279d	h1=1a9a619b	h2=5510bc9e	h3=4c8cc7dd	h4=2883c92a	h5=71d2b79f	h6=811c9dc5	h7=811c9dc5	hN=c117ead0	vcs=14246,14246,14246,14246,14246,14246,-,-
S	14248	LCG_TICK	lcg=3cb3bd6c
S	14248	TICK	sync_frame=14248	current_frame=14248	lcg=3cb3bd6c	n=39,5,20,5,5,10,0,0,173	h0=692c4444	h1=fec8564d	h2=7409d8dc	h3=8c5e8352	h4=36d07ff2	h5=8992f664	h6=811c9dc5	h7=811c9dc5	hN=c117ead0	vcs=14247,14247,14247,14247,14247,14247,-,-
S	14249	LCG_TICK	lcg=58e51f5d
S	14249	TICK	sync_frame=14249	current_frame=14249	lcg=58e51f5d	n=39,5,20,5,5,10,0,0,173	h0=628e9c91	h1=d16d853b	h2=d2a70140	h3=1ef1c06e	h4=98d0cc4a	h5=5d768075	h6=811c9dc5	h7=811c9dc5	hN=c117ead0	vcs=14248,14248,14248,14248,14248,14248,-,-
S	14250	LCG_TICK	lcg=9aafd442
S	14250	TICK	sync_frame=14250	current_frame=14250	lcg=9aafd442	n=39,5,20,5,5,10,0,0,173	h0=d96f9d33	h1=930c8de1	h2=19ab5d24	h3=b996385e	h4=4755eb7e	h5=4c1e57f2	h6=811c9dc5	h7=811c9dc5	hN=c117ead0	vcs=14249,14249,14249,14249,14249,14249,-,-
S	14251	LCG_TICK	lcg=7a470dab
S	14251	TICK	sync_frame=14251	current_frame=14251	lcg=7a470dab	n=39,5,20,5,5,10,0,0,173	h0=f1b26edf	h1=e743b0db	h2=ee983fbc	h3=1e507bfa	h4=c3d26bde	h5=5c206187	h6=811c9dc5	h7=811c9dc5	hN=c117ead0	vcs=14250,14250,14250,14250,14250,14250,-,-
S	14252	LCG_TICK	lcg=15ae215e
S	14252	TICK	sync_frame=14252	current_frame=14252	lcg=15ae215e	n=39,5,20,5,5,10,0,0,173	h0=2fafdcef	h1=4449b388	h2=0cf16383	h3=b5feba6a	h4=7dcc03ad	h5=0e30a84c	h6=811c9dc5	h7=811c9dc5	hN=c117ead0	vcs=14251,14251,14251,14251,14251,14251,-,-
S	14253	LCG_TICK	lcg=a917abba
S	14253	TICK	sync_frame=14253	current_frame=14253	lcg=a917abba	n=39,5,20,5,5,10,0,0,173	h0=7aef23af	h1=18a6ab50	h2=6b781e81	h3=ad522fae	h4=2deb481c	h5=84247d6b	h6=811c9dc5	h7=811c9dc5	hN=c117ead0	vcs=14252,14252,14252,14252,14252,14252,-,-
S	14254	LCG_TICK	lcg=dcb6e18d
S	14254	TICK	sync_frame=14254	current_frame=14254	lcg=dcb6e18d	n=39,5,20,5,5,10,0,0,173	h0=b8775e2a	h1=d92e6745	h2=c40be2cf	h3=949d42e7	h4=c1a2f118	h5=b2e3d6f3	h6=811c9dc5	h7=811c9dc5	hN=c117ead0	vcs=14253,14253,14253,14253,14253,14253,-,-
S	14255	LCG_TICK	lcg=f431d24e
S	14255	TICK	sync_frame=14255	current_frame=14255	lcg=f431d24e	n=39,5,20,5,5,10,0,0,173	h0=e502d891	h1=6d0983ea	h2=5177d471	h3=60069155	h4=ad0b8f8e	h5=21cc2dd8	h6=811c9dc5	h7=811c9dc5	hN=c117ead0	vcs=14254,14254,14254,14254,14254,14254,-,-
S	14256	LCG_TICK	lcg=864f6c25
S	14256	TICK	sync_frame=14256	current_frame=14256	lcg=864f6c25	n=39,5,20,5,5,10,0,0,173	h0=8fbf2bd4	h1=7391a9bf	h2=842866f7	h3=5465b1ce	h4=a968bf02	h5=31d62ee5	h6=811c9dc5	h7=811c9dc5	hN=c117ead0	vcs=14255,14255,14255,14255,14255,14255,-,-
S	14257	LCG_TICK	lcg=2b66a9aa
S	14257	TICK	sync_frame=14257	current_frame=14257	lcg=2b66a9aa	n=39,5,20,5,5,10,0,0,173	h0=5f28f422	h1=b5738801	h2=c9945123	h3=2fc0f6ce	h4=0188f0f8	h5=29841ec5	h6=811c9dc5	h7=811c9dc5	hN=c117ead0	vcs=14256,14256,14256,14256,14256,14256,-,-
S	14258	LCG_TICK	lcg=93b6ec33
S	14258	TICK	sync_frame=14258	current_frame=14258	lcg=93b6ec33	n=40,5,20,5,5,10,0,0,173	h0=90d3b5dd	h1=ab75ab67	h2=518b4b55	h3=66c998aa	h4=383ab67e	h5=860f2aa1	h6=811c9dc5	h7=811c9dc5	hN=c117ead0	vcs=14257,14257,14257,14257,14257,14257,-,-
S	14259	LCG_TICK	lcg=e9bc2a46
S	14259	TICK	sync_frame=14259	current_frame=14259	lcg=e9bc2a46	n=39,5,20,5,5,10,0,0,173	h0=b75dfd38	h1=4e7bc38d	h2=47bf148b	h3=58d1f6ba	h4=f89ab6af	h5=cfbf678d	h6=811c9dc5	h7=811c9dc5	hN=c117ead0	vcs=14258,14258,14258,14258,14258,14258,-,-
S	14260	LCG_TICK	lcg=db72147f
S	14260	TICK	sync_frame=14260	current_frame=14260	lcg=db72147f	n=39,5,20,5,5,10,0,0,173	h0=b8ed54df	h1=515ac927	h2=772b427c	h3=9de4483e	h4=ee66f7ff	h5=c333d197	h6=811c9dc5	h7=811c9dc5	hN=c117ead0	vcs=14259,14259,14259,14259,14259,14259,-,-
S	14261	LCG_TICK	lcg=e482f04c
S	14261	TICK	sync_frame=14261	current_frame=14261	lcg=e482f04c	n=39,5,20,5,5,10,0,0,173	h0=d6ac3564	h1=4ae66f41	h2=cf79f357	h3=3c9fd60e	h4=5c94bb9c	h5=b50b5201	h6=811c9dc5	h7=811c9dc5	hN=c117ead0	vcs=14260,14260,14260,14260,14260,14260,-,-
S	14262	LCG_TICK	lcg=fb0ae7bd
S	14262	TICK	sync_frame=14262	current_frame=14262	lcg=fb0ae7bd	n=39,5,20,5,5,10,0,0,173	h0=602c1ef9	h1=8cae858f	h2=329ed0b5	h3=b363b12b	h4=b24ef89a	h5=2cdb16e1	h6=811c9dc5	h7=811c9dc5	hN=c117ead0	vcs=14261,14261,14261,14261,14261,14261,-,-
S	14263	LCG_TICK	lcg=05e7f3d7
S	14263	TICK	sync_frame=14263	current_frame=14263	lcg=05e7f3d7	n=39,5,20,5,5,10,0,0,173	h0=5a5d7499	h1=cae15b38	h2=0330ea4c	h3=91cc3085	h4=99b74e52	h5=696644a5	h6=811c9dc5	h7=811c9dc5	hN=c117ead0	vcs=14262,14262,14262,14262,14262,14262,-,-
S	14264	LCG_TICK	lcg=d4ba3936
S	14264	TICK	sync_frame=14264	current_frame=14264	lcg=d4ba3936	n=39,5,20,5,5,10,0,0,173	h0=13b6deec	h1=178271bc	h2=8be9a6c1	h3=f82adedb	h4=ea94997c	h5=b1474b67	h6=811c9dc5	h7=811c9dc5	hN=c117ead0	vcs=14263,14263,14263,14263,14263,14263,-,-
S	14265	LCG_TICK	lcg=1a3f7919
S	14265	TICK	sync_frame=14265	current_frame=14265	lcg=1a3f7919	n=39,5,20,5,5,10,0,0,173	h0=9c9c35be	h1=5a89d6d8	h2=bb4784a5	h3=196382e4	h4=1e8988ee	h5=cf451ab1	h6=811c9dc5	h7=811c9dc5	hN=c117ead0	vcs=14264,14264,14264,14264,14264,14264,-,-
S	14266	LCG_TICK	lcg=465cc085
S	14266	TICK	sync_frame=14266	current_frame=14266	lcg=465cc085	n=39,5,20,5,5,10,0,0,173	h0=30bef63e	h1=a3564b14	h2=15ee8a76	h3=7841cbf5	h4=bdba8975	h5=0b38825d	h6=811c9dc5	h7=811c9dc5	hN=c117ead0	vcs=14265,14265,14265,14265,14265,14265,-,-
S	14267	LCG_TICK	lcg=aa063d93
S	14267	TICK	sync_frame=14267	current_frame=14267	lcg=aa063d93	n=39,5,20,5,5,10,0,0,173	h0=63bf384d	h1=cff1fa78	h2=f6989a82	h3=0857f787	h4=d0168a9d	h5=fd883174	h6=811c9dc5	h7=811c9dc5	hN=c117ead0	vcs=14266,14266,14266,14266,14266,14266,-,-
S	14268	LCG_TICK	lcg=06139431
S	14268	TICK	sync_frame=14268	current_frame=14268	lcg=06139431	n=39,5,20,5,5,10,0,0,173	h0=45e0b887	h1=5b6230d4	h2=01e7ba92	h3=863a0151	h4=788e5eb6	h5=21110409	h6=811c9dc5	h7=811c9dc5	hN=c117ead0	vcs=14267,14267,14267,14267,14267,14267,-,-
S	14269	LCG_TICK	lcg=f4d5e7df
S	14269	TICK	sync_frame=14269	current_frame=14269	lcg=f4d5e7df	n=39,5,20,5,5,10,0,0,173	h0=c7d14dca	h1=90730618	h2=a2d54fdf	h3=286dfd47	h4=a7fe024d	h5=488460fa	h6=811c9dc5	h7=811c9dc5	hN=c117ead0	vcs=14268,14268,14268,14268,14268,14268,-,-
S	14269	AGENT_SCHED_LOCAL	slot=0	vc_frame=14269	target_frame=14271	n_bytes=4	bytes=09,01,a4,0d
S	14269	AGENT_SCHED_SEND	slot=0	server_frame=14269	n_bytes=4	bytes=09,01,a4,0d
S	14269	AGENT_SCHED_LOCAL	slot=0	vc_frame=14269	target_frame=14271	n_bytes=8	bytes=0c,1f,2a,00,47,00,a5,00
S	14269	AGENT_SCHED_SEND	slot=0	server_frame=14269	n_bytes=8	bytes=0c,1f,2a,00,47,00,a5,00
S	14269	AGENT_SCHED_LOCAL	slot=0	vc_frame=14269	target_frame=14271	n_bytes=4	bytes=09,01,c4,0d
S	14269	AGENT_SCHED_SEND	slot=0	server_frame=14269	n_bytes=4	bytes=09,01,c4,0d
S	14269	AGENT_SCHED_LOCAL	slot=0	vc_frame=14269	target_frame=14271	n_bytes=3	bytes=1f,41,00
S	14269	AGENT_SCHED_SEND	slot=0	server_frame=14269	n_bytes=3	bytes=1f,41,00
S	14269	AGENT_SCHED_LOCAL	slot=0	vc_frame=14269	target_frame=14271	n_bytes=4	bytes=09,01,a7,0d
S	14269	AGENT_SCHED_SEND	slot=0	server_frame=14269	n_bytes=4	bytes=09,01,a7,0d
S	14269	AGENT_SCHED_LOCAL	slot=0	vc_frame=14269	target_frame=14271	n_bytes=11	bytes=15,00,00,00,00,ee,0d,e4..
S	14269	AGENT_SCHED_SEND	slot=0	server_frame=14269	n_bytes=11	bytes=15,00,00,00,00,ee,0d,e4..
S	14270	LCG_TICK	lcg=f4d5e7df
S	14270	TICK	sync_frame=14270	current_frame=14270	lcg=f4d5e7df	n=39,5,20,5,5,10,0,0,173	h0=183fc2c9	h1=a48faec1	h2=90acfc27	h3=1829f35d	h4=50f8fa6b	h5=6ddf8ccc	h6=811c9dc5	h7=811c9dc5	hN=c117ead0	vcs=14269,14269,14269,14269,14269,14269,-,-
S	14271	AGENT_APPLY	slot=0	sim_frame=14270	target_frame=14271	vc_frame=14270	lcg=f4d5e7df	n_bytes=4	bytes=09,01,a4,0d
S	14271	AGENT_APPLY	slot=0	sim_frame=14270	target_frame=14271	vc_frame=14270	lcg=f4d5e7df	n_bytes=8	bytes=0c,1f,2a,00,47,00,a5,00
S	14271	AGENT_APPLY	slot=0	sim_frame=14270	target_frame=14271	vc_frame=14270	lcg=f4d5e7df	n_bytes=4	bytes=09,01,c4,0d
S	14271	AGENT_APPLY	slot=0	sim_frame=14270	target_frame=14271	vc_frame=14270	lcg=f4d5e7df	n_bytes=3	bytes=1f,41,00
S	14271	AGENT_APPLY	slot=0	sim_frame=14270	target_frame=14271	vc_frame=14270	lcg=f4d5e7df	n_bytes=4	bytes=09,01,a7,0d
S	14271	AGENT_APPLY	slot=0	sim_frame=14270	target_frame=14271	vc_frame=14270	lcg=f4d5e7df	n_bytes=11	bytes=15,00,00,00,00,ee,0d,e4..
S	14271	LCG_TICK	lcg=4054f32c
S	14271	TICK	sync_frame=14271	current_frame=14271	lcg=4054f32c	n=39,5,20,5,5,10,0,0,173	h0=240f603f	h1=7a85670a	h2=25aa19a2	h3=f099ea5f	h4=a10fe01a	h5=f9927bb3	h6=811c9dc5	h7=811c9dc5	hN=c117ead0	vcs=14270,14270,14270,14270,14270,14270,-,-
S	14272	LCG_TICK	lcg=3123e86b
S	14272	TICK	sync_frame=14272	current_frame=14272	lcg=3123e86b	n=39,5,20,5,5,10,0,0,173	h0=33daa115	h1=6d0983ea	h2=744eeafb	h3=3a4ecb24	h4=a6ed0686	h5=eae0fc56	h6=811c9dc5	h7=811c9dc5	hN=c117ead0	vcs=14271,14271,14271,14271,14271,14271,-,-
S	14273	LCG_TICK	lcg=481fdd1e
S	14273	TICK	sync_frame=14273	current_frame=14273	lcg=481fdd1e	n=39,5,20,5,5,10,0,0,173	h0=de9f0759	h1=7391a9bf	h2=ad30b425	h3=1b8904c9	h4=e5c51cc4	h5=b2cce3f7	h6=811c9dc5	h7=811c9dc5	hN=c117ead0	vcs=14272,14272,14272,14272,14272,14272,-,-
S	14274	LCG_TICK	lcg=7be1dc43
S	14274	TICK	sync_frame=14274	current_frame=14274	lcg=7be1dc43	n=39,5,20,5,5,10,0,0,173	h0=38edf4de	h1=b5738801	h2=ca368cd0	h3=50eff527	h4=b3ef086e	h5=34347739	h6=811c9dc5	h7=811c9dc5	hN=c117ead0	vcs=14273,14273,14273,14273,14273,14273,-,-
S	14275	LCG_TICK	lcg=878de78f
S	14275	TICK	sync_frame=14275	current_frame=14275	lcg=878de78f	n=39,5,20,5,5,10,0,0,173	h0=db8ab573	h1=ab75ab67	h2=28ed93be	h3=3a3a38e5	h4=51d74443	h5=30ee486b	h6=811c9dc5	h7=811c9dc5	hN=c117ead0	vcs=14274,14274,14274,14274,14274,14274,-,-
S	14276	LCG_TICK	lcg=e988791b
S	14276	TICK	sync_frame=14276	current_frame=14276	lcg=e988791b	n=39,5,20,5,5,10,0,0,173	h0=b9fc82f2	h1=4e7bc38d	h2=6993224a	h3=2b23767f	h4=9d372c64	h5=62e4e959	h6=811c9dc5	h7=811c9dc5	hN=c117ead0	vcs=14275,14275,14275,14275,14275,14275,-,-
S	14277	LCG_TICK	lcg=540e3ce7
S	14277	TICK	sync_frame=14277	current_frame=14277	lcg=540e3ce7	n=39,5,20,5,5,10,0,0,173	h0=b8bd65e1	h1=515ac927	h2=56942abb	h3=3494c879	h4=561198a2	h5=7984bd48	h6=811c9dc5	h7=811c9dc5	hN=c117ead0	vcs=14276,14276,14276,14276,14276,14276,-,-
S	14278	LCG_TICK	lcg=a6bc696a
S	14278	TICK	sync_frame=14278	current_frame=14278	lcg=a6bc696a	n=39,5,20,5,5,10,0,0,173	h0=2d029978	h1=4ae66f41	h2=4f1a30a6	h3=c7a39c3f	h4=3c46fdc8	h5=6c218918	h6=811c9dc5	h7=811c9dc5	hN=c117ead0	vcs=14277,14277,14277,14277,14277,14277,-,-
S	14279	LCG_TICK	lcg=66641ef3
S	14279	TICK	sync_frame=14279	current_frame=14279	lcg=66641ef3	n=39,5,20,5,5,10,0,0,173	h0=2df76a32	h1=8cae858f	h2=8f9c3d5b	h3=a5ed30f0	h4=c91a5bdb	h5=fcab3de2	h6=811c9dc5	h7=811c9dc5	hN=c117ead0	vcs=14278,14278,14278,14278,14278,14278,-,-
S	14280	LCG_TICK	lcg=f2965e06
S	14280	TICK	sync_frame=14280	current_frame=14280	lcg=f2965e06	n=39,5,20,5,5,10,0,0,173	h0=e355d972	h1=cae15b38	h2=eef094f9	h3=8d3fbc99	h4=00a93303	h5=1485ef79	h6=811c9dc5	h7=811c9dc5	hN=c117ead0	vcs=14279,14279,14279,14279,14279,14279,-,-
S	14281	LCG_TICK	lcg=2421c60c
S	14281	TICK	sync_frame=14281	current_frame=14281	lcg=2421c60c	n=39,5,21,5,5,10,0,0,173	h0=33b564f3	h1=cfdb4121	h2=b03d8371	h3=c9c04fd3	h4=9170d76d	h5=7d2b5dd1	h6=811c9dc5	h7=811c9dc5	hN=c117ead0	vcs=14280,14280,14280,14280,14280,14280,-,-
S	14282	LCG_TICK	lcg=649bf7e2
S	14282	TICK	sync_frame=14282	current_frame=14282	lcg=649bf7e2	n=39,5,21,5,5,10,0,0,173	h0=3c2ba294	h1=1a9a619b	h2=5df7cd73	h3=4c8cc7dd	h4=a6df3735	h5=2d9075a6	h6=811c9dc5	h7=811c9dc5	hN=c117ead0	vcs=14281,14281,14281,14281,14281,14281,-,-
S	14283	LCG_TICK	lcg=b7be0aa9
S	14283	TICK	sync_frame=14283	current_frame=14283	lcg=b7be0aa9	n=39,5,21,5,5,10,0,0,173	h0=738af380	h1=fec8564d	h2=ee727f4f	h3=8c5e8352	h4=bf3a5183	h5=686f6fad	h6=811c9dc5	h7=811c9dc5	hN=c117ead0	vcs=14282,14282,14282,14282,14282,14282,-,-
S	14284	LCG_TICK	lcg=efdb4b5a
S	14284	TICK	sync_frame=14284	current_frame=14284	lcg=efdb4b5a	n=39,5,21,5,5,10,0,0,173	h0=6397f6d8	h1=d16d853b	h2=8705b5e7	h3=710d3ec7	h4=fda21187	h5=90ec629f	h6=811c9dc5	h7=811c9dc5	hN=c117ead0	vcs=14283,14283,14283,14283,14283,14283,-,-
S	14285	LCG_TICK	lcg=353202ad
S	14285	TICK	sync_frame=14285	current_frame=14285	lcg=353202ad	n=39,5,21,5,5,10,0,0,173	h0=a1b52f0b	h1=930c8de1	h2=e7bd189c	h3=cd10d899	h4=7cd8de8c	h5=4815a5c6	h6=811c9dc5	h7=811c9dc5	hN=c117ead0	vcs=14284,14284,14284,14284,14284,14284,-,-
S	14286	LCG_TICK	lcg=0ad49945
S	14286	TICK	sync_frame=14286	current_frame=14286	lcg=0ad49945	n=39,5,21,5,5,10,0,0,173	h0=95c5d0b4	h1=e743b0db	h2=5d86aa3f	h3=9f33fbbf	h4=e1dca29e	h5=9f182849	h6=811c9dc5	h7=811c9dc5	hN=c117ead0	vcs=14285,14285,14285,14285,14285,14285,-,-
S	14286	AGENT_SCHED_LOCAL	slot=5	vc_frame=14286	target_frame=14288	n_bytes=4	bytes=09,01,a0,0d
S	14286	AGENT_SCHED_SEND	slot=5	server_frame=14286	n_bytes=4	bytes=09,01,a0,0d
S	14286	AGENT_SCHED_LOCAL	slot=5	vc_frame=14286	target_frame=14288	n_bytes=11	bytes=15,80,00,80,00,00,00,e4..
S	14286	AGENT_SCHED_SEND	slot=5	server_frame=14286	n_bytes=11	bytes=15,80,00,80,00,00,00,e4..
S	14287	LCG_TICK	lcg=23689053
S	14287	TICK	sync_frame=14287	current_frame=14287	lcg=23689053	n=39,5,21,5,5,10,0,0,173	h0=9c04a593	h1=4449b388	h2=ff3c1b30	h3=3db33aa5	h4=fef84b3c	h5=d020b413	h6=811c9dc5	h7=811c9dc5	hN=c117ead0	vcs=14286,14286,14286,14286,14286,14286,-,-
S	14287	AGENT_SCHED_LOCAL	slot=5	vc_frame=14287	target_frame=14289	n_bytes=4	bytes=09,01,a3,0d
S	14287	AGENT_SCHED_SEND	slot=5	server_frame=14287	n_bytes=4	bytes=09,01,a3,0d
S	14287	AGENT_SCHED_LOCAL	slot=5	vc_frame=14287	target_frame=14289	n_bytes=8	bytes=0c,1e,46,00,71,00,7c,00
S	14287	AGENT_SCHED_SEND	slot=5	server_frame=14287	n_bytes=8	bytes=0c,1e,46,00,71,00,7c,00
S	14288	AGENT_APPLY	slot=5	sim_frame=14287	target_frame=14288	vc_frame=14287	lcg=23689053	n_bytes=4	bytes=09,01,a0,0d
S	14288	AGENT_APPLY	slot=5	sim_frame=14287	target_frame=14288	vc_frame=14287	lcg=23689053	n_bytes=11	bytes=15,80,00,80,00,00,00,e4..
S	14288	LCG_TICK	lcg=40cd2b30
S	14288	TICK	sync_frame=14288	current_frame=14288	lcg=40cd2b30	n=39,5,21,5,5,10,0,0,173	h0=538ad42a	h1=18a6ab50	h2=9e77e5af	h3=b06ff5df	h4=c1457550	h5=fd56e3af	h6=811c9dc5	h7=811c9dc5	hN=c117ead0	vcs=14287,14287,14287,14287,14287,14287,-,-
S	14289	AGENT_APPLY	slot=5	sim_frame=14288	target_frame=14289	vc_frame=14288	lcg=40cd2b30	n_bytes=4	bytes=09,01,a3,0d
S	14289	AGENT_APPLY	slot=5	sim_frame=14288	target_frame=14289	vc_frame=14288	lcg=40cd2b30	n_bytes=8	bytes=0c,1e,46,00,71,00,7c,00
S	14289	LCG_TICK	lcg=7db23e9f
S	14289	TICK	sync_frame=14289	current_frame=14289	lcg=7db23e9f	n=39,5,21,5,5,10,0,0,173	h0=f9368fcf	h1=d92e6745	h2=f2878ef9	h3=43c36fec	h4=a79458e5	h5=6496335e	h6=811c9dc5	h7=811c9dc5	hN=c117ead0	vcs=14288,14288,14288,14288,14288,14288,-,-
S	14290	LCG_TICK	lcg=ce9aa0dd
S	14290	TICK	sync_frame=14290	current_frame=14290	lcg=ce9aa0dd	n=39,5,21,5,5,10,0,0,173	h0=4f60f4a0	h1=6d0983ea	h2=e6ae06a4	h3=3a4ecb24	h4=39283013	h5=558a1866	h6=811c9dc5	h7=811c9dc5	hN=c117ead0	vcs=14289,14289,14289,14289,14289,14289,-,-
S	14291	LCG_TICK	lcg=ad53032b
S	14291	TICK	sync_frame=14291	current_frame=14291	lcg=ad53032b	n=39,5,21,5,5,10,0,0,173	h0=f7ee4003	h1=7391a9bf	h2=8d94803e	h3=1b8904c9	h4=e32c1c92	h5=7dcfe2bf	h6=811c9dc5	h7=811c9dc5	hN=c117ead0	vcs=14290,14290,14290,14290,14290,14290,-,-
S	14292	LCG_TICK	lcg=1b65d224
S	14292	TICK	sync_frame=14292	current_frame=14292	lcg=1b65d224	n=39,5,21,5,5,10,0,0,173	h0=5f8ed1d3	h1=b5738801	h2=301f7964	h3=50eff527	h4=7b3d617a	h5=93a460f0	h6=811c9dc5	h7=811c9dc5	hN=c117ead0	vcs=14291,14291,14291,14291,14291,14291,-,-
S	14293	LCG_TICK	lcg=9b3875a0
S	14293	TICK	sync_frame=14293	current_frame=14293	lcg=9b3875a0	n=39,5,21,5,5,10,0,0,173	h0=a6d42abe	h1=ab75ab67	h2=5bbe8775	h3=3a3a38e5	h4=f7afa5bc	h5=2228ca75	h6=811c9dc5	h7=811c9dc5	hN=c117ead0	vcs=14292,14292,14292,14292,14292,14292,-,-
S	14294	LCG_TICK	lcg=bbf517b2
S	14294	TICK	sync_frame=14294	current_frame=14294	lcg=bbf517b2	n=39,5,21,5,5,10,0,0,173	h0=977dafec	h1=4e7bc38d	h2=0122a777	h3=2b23767f	h4=832316f6	h5=73e6af09	h6=811c9dc5	h7=811c9dc5	hN=c117ead0	vcs=14293,14293,14293,14293,14293,14293,-,-
S	14295	LCG_TICK	lcg=e3fac039
S	14295	TICK	sync_frame=14295	current_frame=14295	lcg=e3fac039	n=40,5,21,5,5,10,0,0,173	h0=766ab8d9	h1=515ac927	h2=5373351a	h3=3494c879	h4=9c23a9bc	h5=e7f78e17	h6=811c9dc5	h7=811c9dc5	hN=c117ead0	vcs=14294,14294,14294,14294,14294,14294,-,-
S	14296	LCG_TICK	lcg=edef1da5
S	14296	TICK	sync_frame=14296	current_frame=14296	lcg=edef1da5	n=39,5,21,5,5,10,0,0,173	h0=6b102f21	h1=4ae66f41	h2=5bd76e17	h3=c7a39c3f	h4=64b3f630	h5=7a5baa7b	h6=811c9dc5	h7=811c9dc5	hN=c117ead0	vcs=14295,14295,14295,14295,14295,14295,-,-
S	14297	LCG_TICK	lcg=3fab91b3
S	14297	TICK	sync_frame=14297	current_frame=14297	lcg=3fab91b3	n=39,5,21,5,5,10,0,0,173	h0=244d6673	h1=8cae858f	h2=c5934841	h3=a5ed30f0	h4=58d11acc	h5=2169e33a	h6=811c9dc5	h7=811c9dc5	hN=c117ead0	vcs=14296,14296,14296,14296,14296,14296,-,-
S	14298	LCG_TICK	lcg=bc25d1c6
S	14298	TICK	sync_frame=14298	current_frame=14298	lcg=bc25d1c6	n=39,5,21,5,5,10,0,0,173	h0=4e21e9b6	h1=cae15b38	h2=e1d13dd7	h3=8d3fbc99	h4=5d17a74c	h5=0f564506	h6=811c9dc5	h7=811c9dc5	hN=c117ead0	vcs=14297,14297,14297,14297,14297,14297,-,-
S	14299	LCG_TICK	lcg=9536fec8
S	14299	TICK	sync_frame=14299	current_frame=14299	lcg=9536fec8	n=39,5,21,5,5,10,0,0,173	h0=68932c5d	h1=cfdb4121	h2=9fde642b	h3=c9c04fd3	h4=b060b240	h5=8135a099	h6=811c9dc5	h7=811c9dc5	hN=c117ead0	vcs=14298,14298,14298,14298,14298,14298,-,-
S	14300	LCG_TICK	lcg=0053af69
S	14300	TICK	sync_frame=14300	current_frame=14300	lcg=0053af69	n=39,5,20,5,5,10,0,0,173	h0=b6b5c4ab	h1=1a9a619b	h2=15ee161b	h3=4c8cc7dd	h4=ecd49084	h5=84df3be9	h6=811c9dc5	h7=811c9dc5	hN=c117ead0	vcs=14299,14299,14299,14299,14299,14299,-,-
